crn,name,email,department,batch
C23222,Aarav Sharma,student1@example.com,Computer Engineering,2027
C23223,Sample Student 2,student2@example.com,Information Technology,2027
C23224,Sample Student 3,student3@example.com,Computer Engineering,2027
C23225,Sample Student 4,student4@example.com,Information Technology,2027
C23226,Sample Student 5,student5@example.com,Computer Engineering,2027
C23227,Sample Student 6,student6@example.com,Information Technology,2027
C23228,Sample Student 7,student7@example.com,Computer Engineering,2027
C23229,Sample Student 8,student8@example.com,Information Technology,2027
C23230,Sample Student 9,student9@example.com,Computer Engineering,2027
C23231,Sample Student 10,student10@example.com,Information Technology,2027
C23232,Sample Student 11,student11@example.com,Computer Engineering,2027
C23233,Sample Student 12,student12@example.com,Information Technology,2027
C23234,Sample Student 13,student13@example.com,Computer Engineering,2027
C23235,Sample Student 14,student14@example.com,Information Technology,2027
C23236,Sample Student 15,student15@example.com,Computer Engineering,2027
C23237,Sample Student 16,student16@example.com,Information Technology,2027
C23238,Sample Student 17,student17@example.com,Computer Engineering,2027
C23239,Sample Student 18,student18@example.com,Information Technology,2027
C23240,Sample Student 19,student19@example.com,Computer Engineering,2027
C23241,Sample Student 20,student20@example.com,Information Technology,2027
C23242,Sample Student 21,student21@example.com,Computer Engineering,2027
C23243,Sample Student 22,student22@example.com,Information Technology,2027
C23244,Sample Student 23,student23@example.com,Computer Engineering,2027
C23245,Sample Student 24,student24@example.com,Information Technology,2027
C23246,Sample Student 25,student25@example.com,Computer Engineering,2027
C23247,Sample Student 26,student26@example.com,Information Technology,2027
C23248,Sample Student 27,student27@example.com,Computer Engineering,2027
C23249,Sample Student 28,student28@example.com,Information Technology,2027
C23250,Sample Student 29,student29@example.com,Computer Engineering,2027
C23251,Sample Student 30,student30@example.com,Information Technology,2027
C23252,Sample Student 31,student31@example.com,Computer Engineering,2027
C23253,Sample Student 32,student32@example.com,Information Technology,2027
C23254,Sample Student 33,student33@example.com,Computer Engineering,2027
C23255,Sample Student 34,student34@example.com,Information Technology,2027
C23256,Sample Student 35,student35@example.com,Computer Engineering,2027
C23257,Sample Student 36,student36@example.com,Information Technology,2027
C23258,Sample Student 37,student37@example.com,Computer Engineering,2027
C23259,Sample Student 38,student38@example.com,Information Technology,2027
C23260,Sample Student 39,student39@example.com,Computer Engineering,2027
C23261,Sample Student 40,student40@example.com,Information Technology,2027
C23262,Sample Student 41,student41@example.com,Computer Engineering,2027
C23263,Sample Student 42,student42@example.com,Information Technology,2027
C23264,Sample Student 43,student43@example.com,Computer Engineering,2027
C23265,Sample Student 44,student44@example.com,Information Technology,2027
C23266,Sample Student 45,student45@example.com,Computer Engineering,2027
C23267,Sample Student 46,student46@example.com,Information Technology,2027
C23268,Sample Student 47,student47@example.com,Computer Engineering,2027
C23269,Sample Student 48,student48@example.com,Information Technology,2027
C23270,Sample Student 49,student49@example.com,Computer Engineering,2027
C23271,Sample Student 50,student50@example.com,Information Technology,2027
C23272,Sample Student 51,student51@example.com,Computer Engineering,2027
C23273,Sample Student 52,student52@example.com,Information Technology,2027
C23274,Sample Student 53,student53@example.com,Computer Engineering,2027
C23275,Sample Student 54,student54@example.com,Information Technology,2027
C23276,Sample Student 55,student55@example.com,Computer Engineering,2027
C23277,Sample Student 56,student56@example.com,Information Technology,2027
C23278,Sample Student 57,student57@example.com,Computer Engineering,2027
C23279,Sample Student 58,student58@example.com,Information Technology,2027
C23280,Sample Student 59,student59@example.com,Computer Engineering,2027
C23281,Sample Student 60,student60@example.com,Information Technology,2027
C23282,Sample Student 61,student61@example.com,Computer Engineering,2027
C23283,Sample Student 62,student62@example.com,Information Technology,2027
C23284,Sample Student 63,student63@example.com,Computer Engineering,2027
C23285,Sample Student 64,student64@example.com,Information Technology,2027
C23286,Sample Student 65,student65@example.com,Computer Engineering,2027
C23287,Sample Student 66,student66@example.com,Information Technology,2027
C23288,Sample Student 67,student67@example.com,Computer Engineering,2027
C23289,Sample Student 68,student68@example.com,Information Technology,2027
C23290,Sample Student 69,student69@example.com,Computer Engineering,2027
C23291,Sample Student 70,student70@example.com,Information Technology,2027
C23292,Sample Student 71,student71@example.com,Computer Engineering,2027
C23293,Sample Student 72,student72@example.com,Information Technology,2027
C23294,Sample Student 73,student73@example.com,Computer Engineering,2027
C23295,Sample Student 74,student74@example.com,Information Technology,2027
C23296,Sample Student 75,student75@example.com,Computer Engineering,2027
C23297,Sample Student 76,student76@example.com,Information Technology,2027
C23298,Sample Student 77,student77@example.com,Computer Engineering,2027
C23299,Sample Student 78,student78@example.com,Information Technology,2027
C23300,Sample Student 79,student79@example.com,Computer Engineering,2027
C23301,Sample Student 80,student80@example.com,Information Technology,2027
C23302,Sample Student 81,student81@example.com,Computer Engineering,2027
C23303,Sample Student 82,student82@example.com,Information Technology,2027
C23304,Sample Student 83,student83@example.com,Computer Engineering,2027
C23305,Sample Student 84,student84@example.com,Information Technology,2027
C23306,Sample Student 85,student85@example.com,Computer Engineering,2027
C23307,Sample Student 86,student86@example.com,Information Technology,2027
C23308,Sample Student 87,student87@example.com,Computer Engineering,2027
C23309,Sample Student 88,student88@example.com,Information Technology,2027
C23310,Sample Student 89,student89@example.com,Computer Engineering,2027
C23311,Sample Student 90,student90@example.com,Information Technology,2027
C23312,Sample Student 91,student91@example.com,Computer Engineering,2027
C23313,Sample Student 92,student92@example.com,Information Technology,2027
C23314,Sample Student 93,student93@example.com,Computer Engineering,2027
C23315,Sample Student 94,student94@example.com,Information Technology,2027
C23316,Sample Student 95,student95@example.com,Computer Engineering,2027
C23317,Sample Student 96,student96@example.com,Information Technology,2027
C23318,Sample Student 97,student97@example.com,Computer Engineering,2027
C23319,Sample Student 98,student98@example.com,Information Technology,2027
C23320,Sample Student 99,student99@example.com,Computer Engineering,2027
C23321,Sample Student 100,student100@example.com,Information Technology,2027
C23322,Sample Student 101,student101@example.com,Computer Engineering,2027
C23323,Sample Student 102,student102@example.com,Information Technology,2027
C23324,Sample Student 103,student103@example.com,Computer Engineering,2027
C23325,Sample Student 104,student104@example.com,Information Technology,2027
C23326,Sample Student 105,student105@example.com,Computer Engineering,2027
C23327,Sample Student 106,student106@example.com,Information Technology,2027
C23328,Sample Student 107,student107@example.com,Computer Engineering,2027
C23329,Sample Student 108,student108@example.com,Information Technology,2027
C23330,Sample Student 109,student109@example.com,Computer Engineering,2027
C23331,Sample Student 110,student110@example.com,Information Technology,2027
C23332,Sample Student 111,student111@example.com,Computer Engineering,2027
C23333,Sample Student 112,student112@example.com,Information Technology,2027
C23334,Sample Student 113,student113@example.com,Computer Engineering,2027
C23335,Sample Student 114,student114@example.com,Information Technology,2027
C23336,Sample Student 115,student115@example.com,Computer Engineering,2027
C23337,Sample Student 116,student116@example.com,Information Technology,2027
C23338,Sample Student 117,student117@example.com,Computer Engineering,2027
C23339,Sample Student 118,student118@example.com,Information Technology,2027
C23340,Sample Student 119,student119@example.com,Computer Engineering,2027
C23341,Sample Student 120,student120@example.com,Information Technology,2027
C23342,Sample Student 121,student121@example.com,Computer Engineering,2027
C23343,Sample Student 122,student122@example.com,Information Technology,2027
C23344,Sample Student 123,student123@example.com,Computer Engineering,2027
C23345,Sample Student 124,student124@example.com,Information Technology,2027
C23346,Sample Student 125,student125@example.com,Computer Engineering,2027
C23347,Sample Student 126,student126@example.com,Information Technology,2027
C23348,Sample Student 127,student127@example.com,Computer Engineering,2027
C23349,Sample Student 128,student128@example.com,Information Technology,2027
C23350,Sample Student 129,student129@example.com,Computer Engineering,2027
C23351,Sample Student 130,student130@example.com,Information Technology,2027
C23352,Sample Student 131,student131@example.com,Computer Engineering,2027
C23353,Sample Student 132,student132@example.com,Information Technology,2027
C23354,Sample Student 133,student133@example.com,Computer Engineering,2027
C23355,Sample Student 134,student134@example.com,Information Technology,2027
C23356,Sample Student 135,student135@example.com,Computer Engineering,2027
C23357,Sample Student 136,student136@example.com,Information Technology,2027
C23358,Sample Student 137,student137@example.com,Computer Engineering,2027
C23359,Sample Student 138,student138@example.com,Information Technology,2027
C23360,Sample Student 139,student139@example.com,Computer Engineering,2027
C23361,Sample Student 140,student140@example.com,Information Technology,2027
C23362,Sample Student 141,student141@example.com,Computer Engineering,2027
C23363,Sample Student 142,student142@example.com,Information Technology,2027
C23364,Sample Student 143,student143@example.com,Computer Engineering,2027
C23365,Sample Student 144,student144@example.com,Information Technology,2027
C23366,Sample Student 145,student145@example.com,Computer Engineering,2027
C23367,Sample Student 146,student146@example.com,Information Technology,2027
C23368,Sample Student 147,student147@example.com,Computer Engineering,2027
C23369,Sample Student 148,student148@example.com,Information Technology,2027
C23370,Sample Student 149,student149@example.com,Computer Engineering,2027
C23371,Sample Student 150,student150@example.com,Information Technology,2027
C23372,Sample Student 151,student151@example.com,Computer Engineering,2027
C23373,Sample Student 152,student152@example.com,Information Technology,2027
C23374,Sample Student 153,student153@example.com,Computer Engineering,2027
C23375,Sample Student 154,student154@example.com,Information Technology,2027
C23376,Sample Student 155,student155@example.com,Computer Engineering,2027
C23377,Sample Student 156,student156@example.com,Information Technology,2027
C23378,Sample Student 157,student157@example.com,Computer Engineering,2027
C23379,Sample Student 158,student158@example.com,Information Technology,2027
C23380,Sample Student 159,student159@example.com,Computer Engineering,2027
C23381,Sample Student 160,student160@example.com,Information Technology,2027
C23382,Sample Student 161,student161@example.com,Computer Engineering,2027
C23383,Sample Student 162,student162@example.com,Information Technology,2027
C23384,Sample Student 163,student163@example.com,Computer Engineering,2027
C23385,Sample Student 164,student164@example.com,Information Technology,2027
C23386,Sample Student 165,student165@example.com,Computer Engineering,2027
C23387,Sample Student 166,student166@example.com,Information Technology,2027
C23388,Sample Student 167,student167@example.com,Computer Engineering,2027
C23389,Sample Student 168,student168@example.com,Information Technology,2027
C23390,Sample Student 169,student169@example.com,Computer Engineering,2027
C23391,Sample Student 170,student170@example.com,Information Technology,2027
C23392,Sample Student 171,student171@example.com,Computer Engineering,2027
C23393,Sample Student 172,student172@example.com,Information Technology,2027
C23394,Sample Student 173,student173@example.com,Computer Engineering,2027
C23395,Sample Student 174,student174@example.com,Information Technology,2027
C23396,Sample Student 175,student175@example.com,Computer Engineering,2027
C23397,Sample Student 176,student176@example.com,Information Technology,2027
C23398,Sample Student 177,student177@example.com,Computer Engineering,2027
C23399,Sample Student 178,student178@example.com,Information Technology,2027
C23400,Sample Student 179,student179@example.com,Computer Engineering,2027
C23401,Sample Student 180,student180@example.com,Information Technology,2027
C23402,Sample Student 181,student181@example.com,Computer Engineering,2027
C23403,Sample Student 182,student182@example.com,Information Technology,2027
C23404,Sample Student 183,student183@example.com,Computer Engineering,2027
C23405,Sample Student 184,student184@example.com,Information Technology,2027
C23406,Sample Student 185,student185@example.com,Computer Engineering,2027
C23407,Sample Student 186,student186@example.com,Information Technology,2027
C23408,Sample Student 187,student187@example.com,Computer Engineering,2027
C23409,Sample Student 188,student188@example.com,Information Technology,2027
C23410,Sample Student 189,student189@example.com,Computer Engineering,2027
C23411,Sample Student 190,student190@example.com,Information Technology,2027
C23412,Sample Student 191,student191@example.com,Computer Engineering,2027
C23413,Sample Student 192,student192@example.com,Information Technology,2027
C23414,Sample Student 193,student193@example.com,Computer Engineering,2027
C23415,Sample Student 194,student194@example.com,Information Technology,2027
C23416,Sample Student 195,student195@example.com,Computer Engineering,2027
C23417,Sample Student 196,student196@example.com,Information Technology,2027
C23418,Sample Student 197,student197@example.com,Computer Engineering,2027
C23419,Sample Student 198,student198@example.com,Information Technology,2027
C23420,Sample Student 199,student199@example.com,Computer Engineering,2027
C23421,Sample Student 200,student200@example.com,Information Technology,2027
C23422,Sample Student 201,student201@example.com,Computer Engineering,2027
C23423,Sample Student 202,student202@example.com,Information Technology,2027
C23424,Sample Student 203,student203@example.com,Computer Engineering,2027
C23425,Sample Student 204,student204@example.com,Information Technology,2027
C23426,Sample Student 205,student205@example.com,Computer Engineering,2027
C23427,Sample Student 206,student206@example.com,Information Technology,2027
C23428,Sample Student 207,student207@example.com,Computer Engineering,2027
C23429,Sample Student 208,student208@example.com,Information Technology,2027
C23430,Sample Student 209,student209@example.com,Computer Engineering,2027
C23431,Sample Student 210,student210@example.com,Information Technology,2027
C23432,Sample Student 211,student211@example.com,Computer Engineering,2027
C23433,Sample Student 212,student212@example.com,Information Technology,2027
C23434,Sample Student 213,student213@example.com,Computer Engineering,2027
C23435,Sample Student 214,student214@example.com,Information Technology,2027
C23436,Sample Student 215,student215@example.com,Computer Engineering,2027
C23437,Sample Student 216,student216@example.com,Information Technology,2027
C23438,Sample Student 217,student217@example.com,Computer Engineering,2027
C23439,Sample Student 218,student218@example.com,Information Technology,2027
C23440,Sample Student 219,student219@example.com,Computer Engineering,2027
C23441,Sample Student 220,student220@example.com,Information Technology,2027
C23442,Sample Student 221,student221@example.com,Computer Engineering,2027
C23443,Sample Student 222,student222@example.com,Information Technology,2027
C23444,Sample Student 223,student223@example.com,Computer Engineering,2027
C23445,Sample Student 224,student224@example.com,Information Technology,2027
C23446,Sample Student 225,student225@example.com,Computer Engineering,2027
C23447,Sample Student 226,student226@example.com,Information Technology,2027
C23448,Sample Student 227,student227@example.com,Computer Engineering,2027
C23449,Sample Student 228,student228@example.com,Information Technology,2027
C23450,Sample Student 229,student229@example.com,Computer Engineering,2027
C23451,Sample Student 230,student230@example.com,Information Technology,2027
C23452,Sample Student 231,student231@example.com,Computer Engineering,2027
C23453,Sample Student 232,student232@example.com,Information Technology,2027
C23454,Sample Student 233,student233@example.com,Computer Engineering,2027
C23455,Sample Student 234,student234@example.com,Information Technology,2027
C23456,Sample Student 235,student235@example.com,Computer Engineering,2027
C23457,Sample Student 236,student236@example.com,Information Technology,2027
C23458,Sample Student 237,student237@example.com,Computer Engineering,2027
C23459,Sample Student 238,student238@example.com,Information Technology,2027
C23460,Sample Student 239,student239@example.com,Computer Engineering,2027
C23461,Sample Student 240,student240@example.com,Information Technology,2027
C23462,Sample Student 241,student241@example.com,Computer Engineering,2027
C23463,Sample Student 242,student242@example.com,Information Technology,2027
C23464,Sample Student 243,student243@example.com,Computer Engineering,2027
C23465,Sample Student 244,student244@example.com,Information Technology,2027
C23466,Sample Student 245,student245@example.com,Computer Engineering,2027
C23467,Sample Student 246,student246@example.com,Information Technology,2027
C23468,Sample Student 247,student247@example.com,Computer Engineering,2027
C23469,Sample Student 248,student248@example.com,Information Technology,2027
C23470,Sample Student 249,student249@example.com,Computer Engineering,2027
C23471,Sample Student 250,student250@example.com,Information Technology,2027
C23472,Sample Student 251,student251@example.com,Computer Engineering,2027
C23473,Sample Student 252,student252@example.com,Information Technology,2027
C23474,Sample Student 253,student253@example.com,Computer Engineering,2027
C23475,Sample Student 254,student254@example.com,Information Technology,2027
C23476,Sample Student 255,student255@example.com,Computer Engineering,2027
C23477,Sample Student 256,student256@example.com,Information Technology,2027
C23478,Sample Student 257,student257@example.com,Computer Engineering,2027
C23479,Sample Student 258,student258@example.com,Information Technology,2027
C23480,Sample Student 259,student259@example.com,Computer Engineering,2027
C23481,Sample Student 260,student260@example.com,Information Technology,2027
C23482,Sample Student 261,student261@example.com,Computer Engineering,2027
C23483,Sample Student 262,student262@example.com,Information Technology,2027
C23484,Sample Student 263,student263@example.com,Computer Engineering,2027
C23485,Sample Student 264,student264@example.com,Information Technology,2027
C23486,Sample Student 265,student265@example.com,Computer Engineering,2027
C23487,Sample Student 266,student266@example.com,Information Technology,2027
C23488,Sample Student 267,student267@example.com,Computer Engineering,2027
C23489,Sample Student 268,student268@example.com,Information Technology,2027
C23490,Sample Student 269,student269@example.com,Computer Engineering,2027
C23491,Sample Student 270,student270@example.com,Information Technology,2027
C23492,Sample Student 271,student271@example.com,Computer Engineering,2027
C23493,Sample Student 272,student272@example.com,Information Technology,2027
C23494,Sample Student 273,student273@example.com,Computer Engineering,2027
C23495,Sample Student 274,student274@example.com,Information Technology,2027
C23496,Sample Student 275,student275@example.com,Computer Engineering,2027
C23497,Sample Student 276,student276@example.com,Information Technology,2027
C23498,Sample Student 277,student277@example.com,Computer Engineering,2027
C23499,Sample Student 278,student278@example.com,Information Technology,2027
C23500,Sample Student 279,student279@example.com,Computer Engineering,2027
C23501,Sample Student 280,student280@example.com,Information Technology,2027
C23502,Sample Student 281,student281@example.com,Computer Engineering,2027
C23503,Sample Student 282,student282@example.com,Information Technology,2027
C23504,Sample Student 283,student283@example.com,Computer Engineering,2027
C23505,Sample Student 284,student284@example.com,Information Technology,2027
C23506,Sample Student 285,student285@example.com,Computer Engineering,2027
C23507,Sample Student 286,student286@example.com,Information Technology,2027
C23508,Sample Student 287,student287@example.com,Computer Engineering,2027
C23509,Sample Student 288,student288@example.com,Information Technology,2027
C23510,Sample Student 289,student289@example.com,Computer Engineering,2027
C23511,Sample Student 290,student290@example.com,Information Technology,2027
C23512,Sample Student 291,student291@example.com,Computer Engineering,2027
C23513,Sample Student 292,student292@example.com,Information Technology,2027
C23514,Sample Student 293,student293@example.com,Computer Engineering,2027
C23515,Sample Student 294,student294@example.com,Information Technology,2027
C23516,Sample Student 295,student295@example.com,Computer Engineering,2027
C23517,Sample Student 296,student296@example.com,Information Technology,2027
C23518,Sample Student 297,student297@example.com,Computer Engineering,2027
C23519,Sample Student 298,student298@example.com,Information Technology,2027
C23520,Sample Student 299,student299@example.com,Computer Engineering,2027
C23521,Sample Student 300,student300@example.com,Information Technology,2027
C23522,Sample Student 301,student301@example.com,Computer Engineering,2027
C23523,Sample Student 302,student302@example.com,Information Technology,2027
C23524,Sample Student 303,student303@example.com,Computer Engineering,2027
C23525,Sample Student 304,student304@example.com,Information Technology,2027
C23526,Sample Student 305,student305@example.com,Computer Engineering,2027
C23527,Sample Student 306,student306@example.com,Information Technology,2027
C23528,Sample Student 307,student307@example.com,Computer Engineering,2027
C23529,Sample Student 308,student308@example.com,Information Technology,2027
C23530,Sample Student 309,student309@example.com,Computer Engineering,2027
C23531,Sample Student 310,student310@example.com,Information Technology,2027
C23532,Sample Student 311,student311@example.com,Computer Engineering,2027
C23533,Sample Student 312,student312@example.com,Information Technology,2027
C23534,Sample Student 313,student313@example.com,Computer Engineering,2027
C23535,Sample Student 314,student314@example.com,Information Technology,2027
C23536,Sample Student 315,student315@example.com,Computer Engineering,2027
C23537,Sample Student 316,student316@example.com,Information Technology,2027
C23538,Sample Student 317,student317@example.com,Computer Engineering,2027
C23539,Sample Student 318,student318@example.com,Information Technology,2027
C23540,Sample Student 319,student319@example.com,Computer Engineering,2027
C23541,Sample Student 320,student320@example.com,Information Technology,2027
C23542,Sample Student 321,student321@example.com,Computer Engineering,2027
C23543,Sample Student 322,student322@example.com,Information Technology,2027
C23544,Sample Student 323,student323@example.com,Computer Engineering,2027
C23545,Sample Student 324,student324@example.com,Information Technology,2027
C23546,Sample Student 325,student325@example.com,Computer Engineering,2027
C23547,Sample Student 326,student326@example.com,Information Technology,2027
C23548,Sample Student 327,student327@example.com,Computer Engineering,2027
C23549,Sample Student 328,student328@example.com,Information Technology,2027
C23550,Sample Student 329,student329@example.com,Computer Engineering,2027
C23551,Sample Student 330,student330@example.com,Information Technology,2027
C23552,Sample Student 331,student331@example.com,Computer Engineering,2027
C23553,Sample Student 332,student332@example.com,Information Technology,2027
C23554,Sample Student 333,student333@example.com,Computer Engineering,2027
C23555,Sample Student 334,student334@example.com,Information Technology,2027
C23556,Sample Student 335,student335@example.com,Computer Engineering,2027
C23557,Sample Student 336,student336@example.com,Information Technology,2027
C23558,Sample Student 337,student337@example.com,Computer Engineering,2027
C23559,Sample Student 338,student338@example.com,Information Technology,2027
C23560,Sample Student 339,student339@example.com,Computer Engineering,2027
C23561,Sample Student 340,student340@example.com,Information Technology,2027
C23562,Sample Student 341,student341@example.com,Computer Engineering,2027
C23563,Sample Student 342,student342@example.com,Information Technology,2027
C23564,Sample Student 343,student343@example.com,Computer Engineering,2027
C23565,Sample Student 344,student344@example.com,Information Technology,2027
C23566,Sample Student 345,student345@example.com,Computer Engineering,2027
C23567,Sample Student 346,student346@example.com,Information Technology,2027
C23568,Sample Student 347,student347@example.com,Computer Engineering,2027
C23569,Sample Student 348,student348@example.com,Information Technology,2027
C23570,Sample Student 349,student349@example.com,Computer Engineering,2027
C23571,Sample Student 350,student350@example.com,Information Technology,2027
C23572,Sample Student 351,student351@example.com,Computer Engineering,2027
C23573,Sample Student 352,student352@example.com,Information Technology,2027
C23574,Sample Student 353,student353@example.com,Computer Engineering,2027
C23575,Sample Student 354,student354@example.com,Information Technology,2027
C23576,Sample Student 355,student355@example.com,Computer Engineering,2027
C23577,Sample Student 356,student356@example.com,Information Technology,2027
C23578,Sample Student 357,student357@example.com,Computer Engineering,2027
C23579,Sample Student 358,student358@example.com,Information Technology,2027
C23580,Sample Student 359,student359@example.com,Computer Engineering,2027
C23581,Sample Student 360,student360@example.com,Information Technology,2027
C23582,Sample Student 361,student361@example.com,Computer Engineering,2027
C23583,Sample Student 362,student362@example.com,Information Technology,2027
C23584,Sample Student 363,student363@example.com,Computer Engineering,2027
C23585,Sample Student 364,student364@example.com,Information Technology,2027
C23586,Sample Student 365,student365@example.com,Computer Engineering,2027
C23587,Sample Student 366,student366@example.com,Information Technology,2027
C23588,Sample Student 367,student367@example.com,Computer Engineering,2027
C23589,Sample Student 368,student368@example.com,Information Technology,2027
C23590,Sample Student 369,student369@example.com,Computer Engineering,2027
C23591,Sample Student 370,student370@example.com,Information Technology,2027
C23592,Sample Student 371,student371@example.com,Computer Engineering,2027
C23593,Sample Student 372,student372@example.com,Information Technology,2027
C23594,Sample Student 373,student373@example.com,Computer Engineering,2027
C23595,Sample Student 374,student374@example.com,Information Technology,2027
C23596,Sample Student 375,student375@example.com,Computer Engineering,2027
C23597,Sample Student 376,student376@example.com,Information Technology,2027
C23598,Sample Student 377,student377@example.com,Computer Engineering,2027
C23599,Sample Student 378,student378@example.com,Information Technology,2027
C23600,Sample Student 379,student379@example.com,Computer Engineering,2027
C23601,Sample Student 380,student380@example.com,Information Technology,2027
C23602,Sample Student 381,student381@example.com,Computer Engineering,2027
C23603,Sample Student 382,student382@example.com,Information Technology,2027
C23604,Sample Student 383,student383@example.com,Computer Engineering,2027
C23605,Sample Student 384,student384@example.com,Information Technology,2027
C23606,Sample Student 385,student385@example.com,Computer Engineering,2027
C23607,Sample Student 386,student386@example.com,Information Technology,2027
C23608,Sample Student 387,student387@example.com,Computer Engineering,2027
C23609,Sample Student 388,student388@example.com,Information Technology,2027
C23610,Sample Student 389,student389@example.com,Computer Engineering,2027
C23611,Sample Student 390,student390@example.com,Information Technology,2027
C23612,Sample Student 391,student391@example.com,Computer Engineering,2027
C23613,Sample Student 392,student392@example.com,Information Technology,2027
C23614,Sample Student 393,student393@example.com,Computer Engineering,2027
C23615,Sample Student 394,student394@example.com,Information Technology,2027
C23616,Sample Student 395,student395@example.com,Computer Engineering,2027
C23617,Sample Student 396,student396@example.com,Information Technology,2027
C23618,Sample Student 397,student397@example.com,Computer Engineering,2027
C23619,Sample Student 398,student398@example.com,Information Technology,2027
C23620,Sample Student 399,student399@example.com,Computer Engineering,2027
C23621,Sample Student 400,student400@example.com,Information Technology,2027
C23622,Sample Student 401,student401@example.com,Computer Engineering,2027
C23623,Sample Student 402,student402@example.com,Information Technology,2027
C23624,Sample Student 403,student403@example.com,Computer Engineering,2027
C23625,Sample Student 404,student404@example.com,Information Technology,2027
C23626,Sample Student 405,student405@example.com,Computer Engineering,2027
C23627,Sample Student 406,student406@example.com,Information Technology,2027
C23628,Sample Student 407,student407@example.com,Computer Engineering,2027
C23629,Sample Student 408,student408@example.com,Information Technology,2027
C23630,Sample Student 409,student409@example.com,Computer Engineering,2027
C23631,Sample Student 410,student410@example.com,Information Technology,2027
C23632,Sample Student 411,student411@example.com,Computer Engineering,2027
C23633,Sample Student 412,student412@example.com,Information Technology,2027
C23634,Sample Student 413,student413@example.com,Computer Engineering,2027
C23635,Sample Student 414,student414@example.com,Information Technology,2027
C23636,Sample Student 415,student415@example.com,Computer Engineering,2027
C23637,Sample Student 416,student416@example.com,Information Technology,2027
C23638,Sample Student 417,student417@example.com,Computer Engineering,2027
C23639,Sample Student 418,student418@example.com,Information Technology,2027
C23640,Sample Student 419,student419@example.com,Computer Engineering,2027
C23641,Sample Student 420,student420@example.com,Information Technology,2027
C23642,Sample Student 421,student421@example.com,Computer Engineering,2027
C23643,Sample Student 422,student422@example.com,Information Technology,2027
C23644,Sample Student 423,student423@example.com,Computer Engineering,2027
C23645,Sample Student 424,student424@example.com,Information Technology,2027
C23646,Sample Student 425,student425@example.com,Computer Engineering,2027
C23647,Sample Student 426,student426@example.com,Information Technology,2027
C23648,Sample Student 427,student427@example.com,Computer Engineering,2027
C23649,Sample Student 428,student428@example.com,Information Technology,2027
C23650,Sample Student 429,student429@example.com,Computer Engineering,2027
C23651,Sample Student 430,student430@example.com,Information Technology,2027
C23652,Sample Student 431,student431@example.com,Computer Engineering,2027
C23653,Sample Student 432,student432@example.com,Information Technology,2027
C23654,Sample Student 433,student433@example.com,Computer Engineering,2027
C23655,Sample Student 434,student434@example.com,Information Technology,2027
C23656,Sample Student 435,student435@example.com,Computer Engineering,2027
C23657,Sample Student 436,student436@example.com,Information Technology,2027
C23658,Sample Student 437,student437@example.com,Computer Engineering,2027
C23659,Sample Student 438,student438@example.com,Information Technology,2027
C23660,Sample Student 439,student439@example.com,Computer Engineering,2027
C23661,Sample Student 440,student440@example.com,Information Technology,2027
C23662,Sample Student 441,student441@example.com,Computer Engineering,2027
C23663,Sample Student 442,student442@example.com,Information Technology,2027
C23664,Sample Student 443,student443@example.com,Computer Engineering,2027
C23665,Sample Student 444,student444@example.com,Information Technology,2027
C23666,Sample Student 445,student445@example.com,Computer Engineering,2027
C23667,Sample Student 446,student446@example.com,Information Technology,2027
C23668,Sample Student 447,student447@example.com,Computer Engineering,2027
C23669,Sample Student 448,student448@example.com,Information Technology,2027
C23670,Sample Student 449,student449@example.com,Computer Engineering,2027
C23671,Sample Student 450,student450@example.com,Information Technology,2027
C23672,Sample Student 451,student451@example.com,Computer Engineering,2027
C23673,Sample Student 452,student452@example.com,Information Technology,2027
C23674,Sample Student 453,student453@example.com,Computer Engineering,2027
C23675,Sample Student 454,student454@example.com,Information Technology,2027
C23676,Sample Student 455,student455@example.com,Computer Engineering,2027
C23677,Sample Student 456,student456@example.com,Information Technology,2027
C23678,Sample Student 457,student457@example.com,Computer Engineering,2027
C23679,Sample Student 458,student458@example.com,Information Technology,2027
C23680,Sample Student 459,student459@example.com,Computer Engineering,2027
C23681,Sample Student 460,student460@example.com,Information Technology,2027
C23682,Sample Student 461,student461@example.com,Computer Engineering,2027
C23683,Sample Student 462,student462@example.com,Information Technology,2027
C23684,Sample Student 463,student463@example.com,Computer Engineering,2027
C23685,Sample Student 464,student464@example.com,Information Technology,2027
C23686,Sample Student 465,student465@example.com,Computer Engineering,2027
C23687,Sample Student 466,student466@example.com,Information Technology,2027
C23688,Sample Student 467,student467@example.com,Computer Engineering,2027
C23689,Sample Student 468,student468@example.com,Information Technology,2027
C23690,Sample Student 469,student469@example.com,Computer Engineering,2027
C23691,Sample Student 470,student470@example.com,Information Technology,2027
C23692,Sample Student 471,student471@example.com,Computer Engineering,2027
C23693,Sample Student 472,student472@example.com,Information Technology,2027
C23694,Sample Student 473,student473@example.com,Computer Engineering,2027
C23695,Sample Student 474,student474@example.com,Information Technology,2027
C23696,Sample Student 475,student475@example.com,Computer Engineering,2027
C23697,Sample Student 476,student476@example.com,Information Technology,2027
C23698,Sample Student 477,student477@example.com,Computer Engineering,2027
C23699,Sample Student 478,student478@example.com,Information Technology,2027
C23700,Sample Student 479,student479@example.com,Computer Engineering,2027
C23701,Sample Student 480,student480@example.com,Information Technology,2027
C23702,Sample Student 481,student481@example.com,Computer Engineering,2027
C23703,Sample Student 482,student482@example.com,Information Technology,2027
C23704,Sample Student 483,student483@example.com,Computer Engineering,2027
C23705,Sample Student 484,student484@example.com,Information Technology,2027
C23706,Sample Student 485,student485@example.com,Computer Engineering,2027
C23707,Sample Student 486,student486@example.com,Information Technology,2027
C23708,Sample Student 487,student487@example.com,Computer Engineering,2027
C23709,Sample Student 488,student488@example.com,Information Technology,2027
C23710,Sample Student 489,student489@example.com,Computer Engineering,2027
C23711,Sample Student 490,student490@example.com,Information Technology,2027
C23712,Sample Student 491,student491@example.com,Computer Engineering,2027
C23713,Sample Student 492,student492@example.com,Information Technology,2027
C23714,Sample Student 493,student493@example.com,Computer Engineering,2027
C23715,Sample Student 494,student494@example.com,Information Technology,2027
C23716,Sample Student 495,student495@example.com,Computer Engineering,2027
C23717,Sample Student 496,student496@example.com,Information Technology,2027
C23718,Sample Student 497,student497@example.com,Computer Engineering,2027
C23719,Sample Student 498,student498@example.com,Information Technology,2027
C23720,Sample Student 499,student499@example.com,Computer Engineering,2027
C23721,Sample Student 500,student500@example.com,Information Technology,2027
C23722,Sample Student 501,student501@example.com,Computer Engineering,2027
C23723,Sample Student 502,student502@example.com,Information Technology,2027
C23724,Sample Student 503,student503@example.com,Computer Engineering,2027
C23725,Sample Student 504,student504@example.com,Information Technology,2027
C23726,Sample Student 505,student505@example.com,Computer Engineering,2027
C23727,Sample Student 506,student506@example.com,Information Technology,2027
C23728,Sample Student 507,student507@example.com,Computer Engineering,2027
C23729,Sample Student 508,student508@example.com,Information Technology,2027
C23730,Sample Student 509,student509@example.com,Computer Engineering,2027
C23731,Sample Student 510,student510@example.com,Information Technology,2027
C23732,Sample Student 511,student511@example.com,Computer Engineering,2027
C23733,Sample Student 512,student512@example.com,Information Technology,2027
C23734,Sample Student 513,student513@example.com,Computer Engineering,2027
C23735,Sample Student 514,student514@example.com,Information Technology,2027
C23736,Sample Student 515,student515@example.com,Computer Engineering,2027
C23737,Sample Student 516,student516@example.com,Information Technology,2027
C23738,Sample Student 517,student517@example.com,Computer Engineering,2027
C23739,Sample Student 518,student518@example.com,Information Technology,2027
C23740,Sample Student 519,student519@example.com,Computer Engineering,2027
C23741,Sample Student 520,student520@example.com,Information Technology,2027
C23742,Sample Student 521,student521@example.com,Computer Engineering,2027
C23743,Sample Student 522,student522@example.com,Information Technology,2027
C23744,Sample Student 523,student523@example.com,Computer Engineering,2027
C23745,Sample Student 524,student524@example.com,Information Technology,2027
C23746,Sample Student 525,student525@example.com,Computer Engineering,2027
C23747,Sample Student 526,student526@example.com,Information Technology,2027
C23748,Sample Student 527,student527@example.com,Computer Engineering,2027
C23749,Sample Student 528,student528@example.com,Information Technology,2027
C23750,Sample Student 529,student529@example.com,Computer Engineering,2027
C23751,Sample Student 530,student530@example.com,Information Technology,2027
C23752,Sample Student 531,student531@example.com,Computer Engineering,2027
C23753,Sample Student 532,student532@example.com,Information Technology,2027
C23754,Sample Student 533,student533@example.com,Computer Engineering,2027
C23755,Sample Student 534,student534@example.com,Information Technology,2027
C23756,Sample Student 535,student535@example.com,Computer Engineering,2027
C23757,Sample Student 536,student536@example.com,Information Technology,2027
C23758,Sample Student 537,student537@example.com,Computer Engineering,2027
C23759,Sample Student 538,student538@example.com,Information Technology,2027
C23760,Sample Student 539,student539@example.com,Computer Engineering,2027
C23761,Sample Student 540,student540@example.com,Information Technology,2027
C23762,Sample Student 541,student541@example.com,Computer Engineering,2027
C23763,Sample Student 542,student542@example.com,Information Technology,2027
C23764,Sample Student 543,student543@example.com,Computer Engineering,2027
C23765,Sample Student 544,student544@example.com,Information Technology,2027
C23766,Sample Student 545,student545@example.com,Computer Engineering,2027
C23767,Sample Student 546,student546@example.com,Information Technology,2027
C23768,Sample Student 547,student547@example.com,Computer Engineering,2027
C23769,Sample Student 548,student548@example.com,Information Technology,2027
C23770,Sample Student 549,student549@example.com,Computer Engineering,2027
C23771,Sample Student 550,student550@example.com,Information Technology,2027
C23772,Sample Student 551,student551@example.com,Computer Engineering,2027
C23773,Sample Student 552,student552@example.com,Information Technology,2027
C23774,Sample Student 553,student553@example.com,Computer Engineering,2027
C23775,Sample Student 554,student554@example.com,Information Technology,2027
C23776,Sample Student 555,student555@example.com,Computer Engineering,2027
C23777,Sample Student 556,student556@example.com,Information Technology,2027
C23778,Sample Student 557,student557@example.com,Computer Engineering,2027
C23779,Sample Student 558,student558@example.com,Information Technology,2027
C23780,Sample Student 559,student559@example.com,Computer Engineering,2027
C23781,Sample Student 560,student560@example.com,Information Technology,2027
C23782,Sample Student 561,student561@example.com,Computer Engineering,2027
C23783,Sample Student 562,student562@example.com,Information Technology,2027
C23784,Sample Student 563,student563@example.com,Computer Engineering,2027
C23785,Sample Student 564,student564@example.com,Information Technology,2027
C23786,Sample Student 565,student565@example.com,Computer Engineering,2027
C23787,Sample Student 566,student566@example.com,Information Technology,2027
C23788,Sample Student 567,student567@example.com,Computer Engineering,2027
C23789,Sample Student 568,student568@example.com,Information Technology,2027
C23790,Sample Student 569,student569@example.com,Computer Engineering,2027
C23791,Sample Student 570,student570@example.com,Information Technology,2027
C23792,Sample Student 571,student571@example.com,Computer Engineering,2027
C23793,Sample Student 572,student572@example.com,Information Technology,2027
C23794,Sample Student 573,student573@example.com,Computer Engineering,2027
C23795,Sample Student 574,student574@example.com,Information Technology,2027
C23796,Sample Student 575,student575@example.com,Computer Engineering,2027
C23797,Sample Student 576,student576@example.com,Information Technology,2027
C23798,Sample Student 577,student577@example.com,Computer Engineering,2027
C23799,Sample Student 578,student578@example.com,Information Technology,2027
C23800,Sample Student 579,student579@example.com,Computer Engineering,2027
C23801,Sample Student 580,student580@example.com,Information Technology,2027
C23802,Sample Student 581,student581@example.com,Computer Engineering,2027
C23803,Sample Student 582,student582@example.com,Information Technology,2027
C23804,Sample Student 583,student583@example.com,Computer Engineering,2027
C23805,Sample Student 584,student584@example.com,Information Technology,2027
C23806,Sample Student 585,student585@example.com,Computer Engineering,2027
C23807,Sample Student 586,student586@example.com,Information Technology,2027
C23808,Sample Student 587,student587@example.com,Computer Engineering,2027
C23809,Sample Student 588,student588@example.com,Information Technology,2027
C23810,Sample Student 589,student589@example.com,Computer Engineering,2027
C23811,Sample Student 590,student590@example.com,Information Technology,2027
C23812,Sample Student 591,student591@example.com,Computer Engineering,2027
C23813,Sample Student 592,student592@example.com,Information Technology,2027
C23814,Sample Student 593,student593@example.com,Computer Engineering,2027
C23815,Sample Student 594,student594@example.com,Information Technology,2027
C23816,Sample Student 595,student595@example.com,Computer Engineering,2027
C23817,Sample Student 596,student596@example.com,Information Technology,2027
C23818,Sample Student 597,student597@example.com,Computer Engineering,2027
C23819,Sample Student 598,student598@example.com,Information Technology,2027
C23820,Sample Student 599,student599@example.com,Computer Engineering,2027
C23821,Sample Student 600,student600@example.com,Information Technology,2027
C23822,Sample Student 601,student601@example.com,Computer Engineering,2027
C23823,Sample Student 602,student602@example.com,Information Technology,2027
C23824,Sample Student 603,student603@example.com,Computer Engineering,2027
C23825,Sample Student 604,student604@example.com,Information Technology,2027
C23826,Sample Student 605,student605@example.com,Computer Engineering,2027
C23827,Sample Student 606,student606@example.com,Information Technology,2027
C23828,Sample Student 607,student607@example.com,Computer Engineering,2027
C23829,Sample Student 608,student608@example.com,Information Technology,2027
C23830,Sample Student 609,student609@example.com,Computer Engineering,2027
C23831,Sample Student 610,student610@example.com,Information Technology,2027
C23832,Sample Student 611,student611@example.com,Computer Engineering,2027
C23833,Sample Student 612,student612@example.com,Information Technology,2027
C23834,Sample Student 613,student613@example.com,Computer Engineering,2027
C23835,Sample Student 614,student614@example.com,Information Technology,2027
C23836,Sample Student 615,student615@example.com,Computer Engineering,2027
C23837,Sample Student 616,student616@example.com,Information Technology,2027
C23838,Sample Student 617,student617@example.com,Computer Engineering,2027
C23839,Sample Student 618,student618@example.com,Information Technology,2027
C23840,Sample Student 619,student619@example.com,Computer Engineering,2027
C23841,Sample Student 620,student620@example.com,Information Technology,2027
C23842,Sample Student 621,student621@example.com,Computer Engineering,2027
C23843,Sample Student 622,student622@example.com,Information Technology,2027
C23844,Sample Student 623,student623@example.com,Computer Engineering,2027
C23845,Sample Student 624,student624@example.com,Information Technology,2027
C23846,Sample Student 625,student625@example.com,Computer Engineering,2027
C23847,Sample Student 626,student626@example.com,Information Technology,2027
C23848,Sample Student 627,student627@example.com,Computer Engineering,2027
C23849,Sample Student 628,student628@example.com,Information Technology,2027
C23850,Sample Student 629,student629@example.com,Computer Engineering,2027
C23851,Sample Student 630,student630@example.com,Information Technology,2027
C23852,Sample Student 631,student631@example.com,Computer Engineering,2027
C23853,Sample Student 632,student632@example.com,Information Technology,2027
C23854,Sample Student 633,student633@example.com,Computer Engineering,2027
C23855,Sample Student 634,student634@example.com,Information Technology,2027
C23856,Sample Student 635,student635@example.com,Computer Engineering,2027
C23857,Sample Student 636,student636@example.com,Information Technology,2027
C23858,Sample Student 637,student637@example.com,Computer Engineering,2027
C23859,Sample Student 638,student638@example.com,Information Technology,2027
C23860,Sample Student 639,student639@example.com,Computer Engineering,2027
C23861,Sample Student 640,student640@example.com,Information Technology,2027
C23862,Sample Student 641,student641@example.com,Computer Engineering,2027
C23863,Sample Student 642,student642@example.com,Information Technology,2027
C23864,Sample Student 643,student643@example.com,Computer Engineering,2027
C23865,Sample Student 644,student644@example.com,Information Technology,2027
C23866,Sample Student 645,student645@example.com,Computer Engineering,2027
C23867,Sample Student 646,student646@example.com,Information Technology,2027
C23868,Sample Student 647,student647@example.com,Computer Engineering,2027
C23869,Sample Student 648,student648@example.com,Information Technology,2027
C23870,Sample Student 649,student649@example.com,Computer Engineering,2027
C23871,Sample Student 650,student650@example.com,Information Technology,2027
C23872,Sample Student 651,student651@example.com,Computer Engineering,2027
C23873,Sample Student 652,student652@example.com,Information Technology,2027
C23874,Sample Student 653,student653@example.com,Computer Engineering,2027
C23875,Sample Student 654,student654@example.com,Information Technology,2027
C23876,Sample Student 655,student655@example.com,Computer Engineering,2027
C23877,Sample Student 656,student656@example.com,Information Technology,2027
C23878,Sample Student 657,student657@example.com,Computer Engineering,2027
C23879,Sample Student 658,student658@example.com,Information Technology,2027
C23880,Sample Student 659,student659@example.com,Computer Engineering,2027
C23881,Sample Student 660,student660@example.com,Information Technology,2027
C23882,Sample Student 661,student661@example.com,Computer Engineering,2027
C23883,Sample Student 662,student662@example.com,Information Technology,2027
C23884,Sample Student 663,student663@example.com,Computer Engineering,2027
C23885,Sample Student 664,student664@example.com,Information Technology,2027
C23886,Sample Student 665,student665@example.com,Computer Engineering,2027
C23887,Sample Student 666,student666@example.com,Information Technology,2027
C23888,Sample Student 667,student667@example.com,Computer Engineering,2027
C23889,Sample Student 668,student668@example.com,Information Technology,2027
C23890,Sample Student 669,student669@example.com,Computer Engineering,2027
C23891,Sample Student 670,student670@example.com,Information Technology,2027
C23892,Sample Student 671,student671@example.com,Computer Engineering,2027
C23893,Sample Student 672,student672@example.com,Information Technology,2027
C23894,Sample Student 673,student673@example.com,Computer Engineering,2027
C23895,Sample Student 674,student674@example.com,Information Technology,2027
C23896,Sample Student 675,student675@example.com,Computer Engineering,2027
C23897,Sample Student 676,student676@example.com,Information Technology,2027
C23898,Sample Student 677,student677@example.com,Computer Engineering,2027
C23899,Sample Student 678,student678@example.com,Information Technology,2027
C23900,Sample Student 679,student679@example.com,Computer Engineering,2027
C23901,Sample Student 680,student680@example.com,Information Technology,2027
C23902,Sample Student 681,student681@example.com,Computer Engineering,2027
C23903,Sample Student 682,student682@example.com,Information Technology,2027
C23904,Sample Student 683,student683@example.com,Computer Engineering,2027
C23905,Sample Student 684,student684@example.com,Information Technology,2027
C23906,Sample Student 685,student685@example.com,Computer Engineering,2027
C23907,Sample Student 686,student686@example.com,Information Technology,2027
C23908,Sample Student 687,student687@example.com,Computer Engineering,2027
C23909,Sample Student 688,student688@example.com,Information Technology,2027
C23910,Sample Student 689,student689@example.com,Computer Engineering,2027
C23911,Sample Student 690,student690@example.com,Information Technology,2027
C23912,Sample Student 691,student691@example.com,Computer Engineering,2027
C23913,Sample Student 692,student692@example.com,Information Technology,2027
C23914,Sample Student 693,student693@example.com,Computer Engineering,2027
C23915,Sample Student 694,student694@example.com,Information Technology,2027
C23916,Sample Student 695,student695@example.com,Computer Engineering,2027
C23917,Sample Student 696,student696@example.com,Information Technology,2027
C23918,Sample Student 697,student697@example.com,Computer Engineering,2027
C23919,Sample Student 698,student698@example.com,Information Technology,2027
C23920,Sample Student 699,student699@example.com,Computer Engineering,2027
C23921,Sample Student 700,student700@example.com,Information Technology,2027
C23922,Sample Student 701,student701@example.com,Computer Engineering,2027
C23923,Sample Student 702,student702@example.com,Information Technology,2027
C23924,Sample Student 703,student703@example.com,Computer Engineering,2027
C23925,Sample Student 704,student704@example.com,Information Technology,2027
C23926,Sample Student 705,student705@example.com,Computer Engineering,2027
C23927,Sample Student 706,student706@example.com,Information Technology,2027
C23928,Sample Student 707,student707@example.com,Computer Engineering,2027
C23929,Sample Student 708,student708@example.com,Information Technology,2027
C23930,Sample Student 709,student709@example.com,Computer Engineering,2027
C23931,Sample Student 710,student710@example.com,Information Technology,2027
C23932,Sample Student 711,student711@example.com,Computer Engineering,2027
C23933,Sample Student 712,student712@example.com,Information Technology,2027
C23934,Sample Student 713,student713@example.com,Computer Engineering,2027
C23935,Sample Student 714,student714@example.com,Information Technology,2027
C23936,Sample Student 715,student715@example.com,Computer Engineering,2027
C23937,Sample Student 716,student716@example.com,Information Technology,2027
C23938,Sample Student 717,student717@example.com,Computer Engineering,2027
C23939,Sample Student 718,student718@example.com,Information Technology,2027
C23940,Sample Student 719,student719@example.com,Computer Engineering,2027
C23941,Sample Student 720,student720@example.com,Information Technology,2027
C23942,Sample Student 721,student721@example.com,Computer Engineering,2027
C23943,Sample Student 722,student722@example.com,Information Technology,2027
C23944,Sample Student 723,student723@example.com,Computer Engineering,2027
C23945,Sample Student 724,student724@example.com,Information Technology,2027
C23946,Sample Student 725,student725@example.com,Computer Engineering,2027
C23947,Sample Student 726,student726@example.com,Information Technology,2027
C23948,Sample Student 727,student727@example.com,Computer Engineering,2027
C23949,Sample Student 728,student728@example.com,Information Technology,2027
C23950,Sample Student 729,student729@example.com,Computer Engineering,2027
C23951,Sample Student 730,student730@example.com,Information Technology,2027
C23952,Sample Student 731,student731@example.com,Computer Engineering,2027
C23953,Sample Student 732,student732@example.com,Information Technology,2027
C23954,Sample Student 733,student733@example.com,Computer Engineering,2027
C23955,Sample Student 734,student734@example.com,Information Technology,2027
C23956,Sample Student 735,student735@example.com,Computer Engineering,2027
C23957,Sample Student 736,student736@example.com,Information Technology,2027
C23958,Sample Student 737,student737@example.com,Computer Engineering,2027
C23959,Sample Student 738,student738@example.com,Information Technology,2027
C23960,Sample Student 739,student739@example.com,Computer Engineering,2027
C23961,Sample Student 740,student740@example.com,Information Technology,2027
C23962,Sample Student 741,student741@example.com,Computer Engineering,2027
C23963,Sample Student 742,student742@example.com,Information Technology,2027
C23964,Sample Student 743,student743@example.com,Computer Engineering,2027
C23965,Sample Student 744,student744@example.com,Information Technology,2027
C23966,Sample Student 745,student745@example.com,Computer Engineering,2027
C23967,Sample Student 746,student746@example.com,Information Technology,2027
C23968,Sample Student 747,student747@example.com,Computer Engineering,2027
C23969,Sample Student 748,student748@example.com,Information Technology,2027
C23970,Sample Student 749,student749@example.com,Computer Engineering,2027
C23971,Sample Student 750,student750@example.com,Information Technology,2027
C23972,Sample Student 751,student751@example.com,Computer Engineering,2027
C23973,Sample Student 752,student752@example.com,Information Technology,2027
C23974,Sample Student 753,student753@example.com,Computer Engineering,2027
C23975,Sample Student 754,student754@example.com,Information Technology,2027
C23976,Sample Student 755,student755@example.com,Computer Engineering,2027
C23977,Sample Student 756,student756@example.com,Information Technology,2027
C23978,Sample Student 757,student757@example.com,Computer Engineering,2027
C23979,Sample Student 758,student758@example.com,Information Technology,2027
C23980,Sample Student 759,student759@example.com,Computer Engineering,2027
C23981,Sample Student 760,student760@example.com,Information Technology,2027
C23982,Sample Student 761,student761@example.com,Computer Engineering,2027
C23983,Sample Student 762,student762@example.com,Information Technology,2027
C23984,Sample Student 763,student763@example.com,Computer Engineering,2027
C23985,Sample Student 764,student764@example.com,Information Technology,2027
C23986,Sample Student 765,student765@example.com,Computer Engineering,2027
C23987,Sample Student 766,student766@example.com,Information Technology,2027
C23988,Sample Student 767,student767@example.com,Computer Engineering,2027
C23989,Sample Student 768,student768@example.com,Information Technology,2027
C23990,Sample Student 769,student769@example.com,Computer Engineering,2027
C23991,Sample Student 770,student770@example.com,Information Technology,2027
C23992,Sample Student 771,student771@example.com,Computer Engineering,2027
C23993,Sample Student 772,student772@example.com,Information Technology,2027
C23994,Sample Student 773,student773@example.com,Computer Engineering,2027
C23995,Sample Student 774,student774@example.com,Information Technology,2027
C23996,Sample Student 775,student775@example.com,Computer Engineering,2027
C23997,Sample Student 776,student776@example.com,Information Technology,2027
C23998,Sample Student 777,student777@example.com,Computer Engineering,2027
C23999,Sample Student 778,student778@example.com,Information Technology,2027
C24000,Sample Student 779,student779@example.com,Computer Engineering,2027
C24001,Sample Student 780,student780@example.com,Information Technology,2027
C24002,Sample Student 781,student781@example.com,Computer Engineering,2027
C24003,Sample Student 782,student782@example.com,Information Technology,2027
C24004,Sample Student 783,student783@example.com,Computer Engineering,2027
C24005,Sample Student 784,student784@example.com,Information Technology,2027
C24006,Sample Student 785,student785@example.com,Computer Engineering,2027
C24007,Sample Student 786,student786@example.com,Information Technology,2027
C24008,Sample Student 787,student787@example.com,Computer Engineering,2027
C24009,Sample Student 788,student788@example.com,Information Technology,2027
C24010,Sample Student 789,student789@example.com,Computer Engineering,2027
C24011,Sample Student 790,student790@example.com,Information Technology,2027
C24012,Sample Student 791,student791@example.com,Computer Engineering,2027
C24013,Sample Student 792,student792@example.com,Information Technology,2027
C24014,Sample Student 793,student793@example.com,Computer Engineering,2027
C24015,Sample Student 794,student794@example.com,Information Technology,2027
C24016,Sample Student 795,student795@example.com,Computer Engineering,2027
C24017,Sample Student 796,student796@example.com,Information Technology,2027
C24018,Sample Student 797,student797@example.com,Computer Engineering,2027
C24019,Sample Student 798,student798@example.com,Information Technology,2027
C24020,Sample Student 799,student799@example.com,Computer Engineering,2027
C24021,Sample Student 800,student800@example.com,Information Technology,2027
C24022,Sample Student 801,student801@example.com,Computer Engineering,2027
C24023,Sample Student 802,student802@example.com,Information Technology,2027
C24024,Sample Student 803,student803@example.com,Computer Engineering,2027
C24025,Sample Student 804,student804@example.com,Information Technology,2027
C24026,Sample Student 805,student805@example.com,Computer Engineering,2027
C24027,Sample Student 806,student806@example.com,Information Technology,2027
C24028,Sample Student 807,student807@example.com,Computer Engineering,2027
C24029,Sample Student 808,student808@example.com,Information Technology,2027
C24030,Sample Student 809,student809@example.com,Computer Engineering,2027
C24031,Sample Student 810,student810@example.com,Information Technology,2027
C24032,Sample Student 811,student811@example.com,Computer Engineering,2027
C24033,Sample Student 812,student812@example.com,Information Technology,2027
C24034,Sample Student 813,student813@example.com,Computer Engineering,2027
C24035,Sample Student 814,student814@example.com,Information Technology,2027
C24036,Sample Student 815,student815@example.com,Computer Engineering,2027
C24037,Sample Student 816,student816@example.com,Information Technology,2027
C24038,Sample Student 817,student817@example.com,Computer Engineering,2027
C24039,Sample Student 818,student818@example.com,Information Technology,2027
C24040,Sample Student 819,student819@example.com,Computer Engineering,2027
C24041,Sample Student 820,student820@example.com,Information Technology,2027
C24042,Sample Student 821,student821@example.com,Computer Engineering,2027
C24043,Sample Student 822,student822@example.com,Information Technology,2027
C24044,Sample Student 823,student823@example.com,Computer Engineering,2027
C24045,Sample Student 824,student824@example.com,Information Technology,2027
C24046,Sample Student 825,student825@example.com,Computer Engineering,2027
C24047,Sample Student 826,student826@example.com,Information Technology,2027
C24048,Sample Student 827,student827@example.com,Computer Engineering,2027
C24049,Sample Student 828,student828@example.com,Information Technology,2027
C24050,Sample Student 829,student829@example.com,Computer Engineering,2027
C24051,Sample Student 830,student830@example.com,Information Technology,2027
C24052,Sample Student 831,student831@example.com,Computer Engineering,2027
C24053,Sample Student 832,student832@example.com,Information Technology,2027
C24054,Sample Student 833,student833@example.com,Computer Engineering,2027
C24055,Sample Student 834,student834@example.com,Information Technology,2027
C24056,Sample Student 835,student835@example.com,Computer Engineering,2027
C24057,Sample Student 836,student836@example.com,Information Technology,2027
C24058,Sample Student 837,student837@example.com,Computer Engineering,2027
C24059,Sample Student 838,student838@example.com,Information Technology,2027
C24060,Sample Student 839,student839@example.com,Computer Engineering,2027
C24061,Sample Student 840,student840@example.com,Information Technology,2027
C24062,Sample Student 841,student841@example.com,Computer Engineering,2027
C24063,Sample Student 842,student842@example.com,Information Technology,2027
C24064,Sample Student 843,student843@example.com,Computer Engineering,2027
C24065,Sample Student 844,student844@example.com,Information Technology,2027
C24066,Sample Student 845,student845@example.com,Computer Engineering,2027
C24067,Sample Student 846,student846@example.com,Information Technology,2027
C24068,Sample Student 847,student847@example.com,Computer Engineering,2027
C24069,Sample Student 848,student848@example.com,Information Technology,2027
C24070,Sample Student 849,student849@example.com,Computer Engineering,2027
C24071,Sample Student 850,student850@example.com,Information Technology,2027
C24072,Sample Student 851,student851@example.com,Computer Engineering,2027
C24073,Sample Student 852,student852@example.com,Information Technology,2027
C24074,Sample Student 853,student853@example.com,Computer Engineering,2027
C24075,Sample Student 854,student854@example.com,Information Technology,2027
C24076,Sample Student 855,student855@example.com,Computer Engineering,2027
C24077,Sample Student 856,student856@example.com,Information Technology,2027
C24078,Sample Student 857,student857@example.com,Computer Engineering,2027
C24079,Sample Student 858,student858@example.com,Information Technology,2027
C24080,Sample Student 859,student859@example.com,Computer Engineering,2027
C24081,Sample Student 860,student860@example.com,Information Technology,2027
C24082,Sample Student 861,student861@example.com,Computer Engineering,2027
C24083,Sample Student 862,student862@example.com,Information Technology,2027
C24084,Sample Student 863,student863@example.com,Computer Engineering,2027
C24085,Sample Student 864,student864@example.com,Information Technology,2027
C24086,Sample Student 865,student865@example.com,Computer Engineering,2027
C24087,Sample Student 866,student866@example.com,Information Technology,2027
C24088,Sample Student 867,student867@example.com,Computer Engineering,2027
C24089,Sample Student 868,student868@example.com,Information Technology,2027
C24090,Sample Student 869,student869@example.com,Computer Engineering,2027
C24091,Sample Student 870,student870@example.com,Information Technology,2027
C24092,Sample Student 871,student871@example.com,Computer Engineering,2027
C24093,Sample Student 872,student872@example.com,Information Technology,2027
C24094,Sample Student 873,student873@example.com,Computer Engineering,2027
C24095,Sample Student 874,student874@example.com,Information Technology,2027
C24096,Sample Student 875,student875@example.com,Computer Engineering,2027
C24097,Sample Student 876,student876@example.com,Information Technology,2027
C24098,Sample Student 877,student877@example.com,Computer Engineering,2027
C24099,Sample Student 878,student878@example.com,Information Technology,2027
C24100,Sample Student 879,student879@example.com,Computer Engineering,2027
C24101,Sample Student 880,student880@example.com,Information Technology,2027
C24102,Sample Student 881,student881@example.com,Computer Engineering,2027
C24103,Sample Student 882,student882@example.com,Information Technology,2027
C24104,Sample Student 883,student883@example.com,Computer Engineering,2027
C24105,Sample Student 884,student884@example.com,Information Technology,2027
C24106,Sample Student 885,student885@example.com,Computer Engineering,2027
C24107,Sample Student 886,student886@example.com,Information Technology,2027
C24108,Sample Student 887,student887@example.com,Computer Engineering,2027
C24109,Sample Student 888,student888@example.com,Information Technology,2027
C24110,Sample Student 889,student889@example.com,Computer Engineering,2027
C24111,Sample Student 890,student890@example.com,Information Technology,2027
C24112,Sample Student 891,student891@example.com,Computer Engineering,2027
C24113,Sample Student 892,student892@example.com,Information Technology,2027
C24114,Sample Student 893,student893@example.com,Computer Engineering,2027
C24115,Sample Student 894,student894@example.com,Information Technology,2027
C24116,Sample Student 895,student895@example.com,Computer Engineering,2027
C24117,Sample Student 896,student896@example.com,Information Technology,2027
C24118,Sample Student 897,student897@example.com,Computer Engineering,2027
C24119,Sample Student 898,student898@example.com,Information Technology,2027
C24120,Sample Student 899,student899@example.com,Computer Engineering,2027
C24121,Sample Student 900,student900@example.com,Information Technology,2027
C24122,Sample Student 901,student901@example.com,Computer Engineering,2027
C24123,Sample Student 902,student902@example.com,Information Technology,2027
C24124,Sample Student 903,student903@example.com,Computer Engineering,2027
C24125,Sample Student 904,student904@example.com,Information Technology,2027
C24126,Sample Student 905,student905@example.com,Computer Engineering,2027
C24127,Sample Student 906,student906@example.com,Information Technology,2027
C24128,Sample Student 907,student907@example.com,Computer Engineering,2027
C24129,Sample Student 908,student908@example.com,Information Technology,2027
C24130,Sample Student 909,student909@example.com,Computer Engineering,2027
C24131,Sample Student 910,student910@example.com,Information Technology,2027
C24132,Sample Student 911,student911@example.com,Computer Engineering,2027
C24133,Sample Student 912,student912@example.com,Information Technology,2027
C24134,Sample Student 913,student913@example.com,Computer Engineering,2027
C24135,Sample Student 914,student914@example.com,Information Technology,2027
C24136,Sample Student 915,student915@example.com,Computer Engineering,2027
C24137,Sample Student 916,student916@example.com,Information Technology,2027
C24138,Sample Student 917,student917@example.com,Computer Engineering,2027
C24139,Sample Student 918,student918@example.com,Information Technology,2027
C24140,Sample Student 919,student919@example.com,Computer Engineering,2027
C24141,Sample Student 920,student920@example.com,Information Technology,2027
C24142,Sample Student 921,student921@example.com,Computer Engineering,2027
C24143,Sample Student 922,student922@example.com,Information Technology,2027
C24144,Sample Student 923,student923@example.com,Computer Engineering,2027
C24145,Sample Student 924,student924@example.com,Information Technology,2027
C24146,Sample Student 925,student925@example.com,Computer Engineering,2027
C24147,Sample Student 926,student926@example.com,Information Technology,2027
C24148,Sample Student 927,student927@example.com,Computer Engineering,2027
C24149,Sample Student 928,student928@example.com,Information Technology,2027
C24150,Sample Student 929,student929@example.com,Computer Engineering,2027
C24151,Sample Student 930,student930@example.com,Information Technology,2027
C24152,Sample Student 931,student931@example.com,Computer Engineering,2027
C24153,Sample Student 932,student932@example.com,Information Technology,2027
C24154,Sample Student 933,student933@example.com,Computer Engineering,2027
C24155,Sample Student 934,student934@example.com,Information Technology,2027
C24156,Sample Student 935,student935@example.com,Computer Engineering,2027
C24157,Sample Student 936,student936@example.com,Information Technology,2027
C24158,Sample Student 937,student937@example.com,Computer Engineering,2027
C24159,Sample Student 938,student938@example.com,Information Technology,2027
C24160,Sample Student 939,student939@example.com,Computer Engineering,2027
C24161,Sample Student 940,student940@example.com,Information Technology,2027
C24162,Sample Student 941,student941@example.com,Computer Engineering,2027
C24163,Sample Student 942,student942@example.com,Information Technology,2027
C24164,Sample Student 943,student943@example.com,Computer Engineering,2027
C24165,Sample Student 944,student944@example.com,Information Technology,2027
C24166,Sample Student 945,student945@example.com,Computer Engineering,2027
C24167,Sample Student 946,student946@example.com,Information Technology,2027
C24168,Sample Student 947,student947@example.com,Computer Engineering,2027
C24169,Sample Student 948,student948@example.com,Information Technology,2027
C24170,Sample Student 949,student949@example.com,Computer Engineering,2027
C24171,Sample Student 950,student950@example.com,Information Technology,2027
C24172,Sample Student 951,student951@example.com,Computer Engineering,2027
C24173,Sample Student 952,student952@example.com,Information Technology,2027
C24174,Sample Student 953,student953@example.com,Computer Engineering,2027
C24175,Sample Student 954,student954@example.com,Information Technology,2027
C24176,Sample Student 955,student955@example.com,Computer Engineering,2027
C24177,Sample Student 956,student956@example.com,Information Technology,2027
C24178,Sample Student 957,student957@example.com,Computer Engineering,2027
C24179,Sample Student 958,student958@example.com,Information Technology,2027
C24180,Sample Student 959,student959@example.com,Computer Engineering,2027
C24181,Sample Student 960,student960@example.com,Information Technology,2027
C24182,Sample Student 961,student961@example.com,Computer Engineering,2027
C24183,Sample Student 962,student962@example.com,Information Technology,2027
C24184,Sample Student 963,student963@example.com,Computer Engineering,2027
C24185,Sample Student 964,student964@example.com,Information Technology,2027
C24186,Sample Student 965,student965@example.com,Computer Engineering,2027
C24187,Sample Student 966,student966@example.com,Information Technology,2027
C24188,Sample Student 967,student967@example.com,Computer Engineering,2027
C24189,Sample Student 968,student968@example.com,Information Technology,2027
C24190,Sample Student 969,student969@example.com,Computer Engineering,2027
C24191,Sample Student 970,student970@example.com,Information Technology,2027
C24192,Sample Student 971,student971@example.com,Computer Engineering,2027
C24193,Sample Student 972,student972@example.com,Information Technology,2027
C24194,Sample Student 973,student973@example.com,Computer Engineering,2027
C24195,Sample Student 974,student974@example.com,Information Technology,2027
C24196,Sample Student 975,student975@example.com,Computer Engineering,2027
C24197,Sample Student 976,student976@example.com,Information Technology,2027
C24198,Sample Student 977,student977@example.com,Computer Engineering,2027
C24199,Sample Student 978,student978@example.com,Information Technology,2027
C24200,Sample Student 979,student979@example.com,Computer Engineering,2027
C24201,Sample Student 980,student980@example.com,Information Technology,2027
C24202,Sample Student 981,student981@example.com,Computer Engineering,2027
C24203,Sample Student 982,student982@example.com,Information Technology,2027
C24204,Sample Student 983,student983@example.com,Computer Engineering,2027
C24205,Sample Student 984,student984@example.com,Information Technology,2027
C24206,Sample Student 985,student985@example.com,Computer Engineering,2027
C24207,Sample Student 986,student986@example.com,Information Technology,2027
C24208,Sample Student 987,student987@example.com,Computer Engineering,2027
C24209,Sample Student 988,student988@example.com,Information Technology,2027
C24210,Sample Student 989,student989@example.com,Computer Engineering,2027
C24211,Sample Student 990,student990@example.com,Information Technology,2027
C24212,Sample Student 991,student991@example.com,Computer Engineering,2027
C24213,Sample Student 992,student992@example.com,Information Technology,2027
C24214,Sample Student 993,student993@example.com,Computer Engineering,2027
C24215,Sample Student 994,student994@example.com,Information Technology,2027
C24216,Sample Student 995,student995@example.com,Computer Engineering,2027
C24217,Sample Student 996,student996@example.com,Information Technology,2027
C24218,Sample Student 997,student997@example.com,Computer Engineering,2027
C24219,Sample Student 998,student998@example.com,Information Technology,2027
C24220,Sample Student 999,student999@example.com,Computer Engineering,2027
C24221,Sample Student 1000,student1000@example.com,Information Technology,2027
C24222,Sample Student 1001,student1001@example.com,Computer Engineering,2027
C24223,Sample Student 1002,student1002@example.com,Information Technology,2027
C24224,Sample Student 1003,student1003@example.com,Computer Engineering,2027
C24225,Sample Student 1004,student1004@example.com,Information Technology,2027
C24226,Sample Student 1005,student1005@example.com,Computer Engineering,2027
C24227,Sample Student 1006,student1006@example.com,Information Technology,2027
C24228,Sample Student 1007,student1007@example.com,Computer Engineering,2027
C24229,Sample Student 1008,student1008@example.com,Information Technology,2027
C24230,Sample Student 1009,student1009@example.com,Computer Engineering,2027
C24231,Sample Student 1010,student1010@example.com,Information Technology,2027
C24232,Sample Student 1011,student1011@example.com,Computer Engineering,2027
C24233,Sample Student 1012,student1012@example.com,Information Technology,2027
C24234,Sample Student 1013,student1013@example.com,Computer Engineering,2027
C24235,Sample Student 1014,student1014@example.com,Information Technology,2027
C24236,Sample Student 1015,student1015@example.com,Computer Engineering,2027
C24237,Sample Student 1016,student1016@example.com,Information Technology,2027
C24238,Sample Student 1017,student1017@example.com,Computer Engineering,2027
C24239,Sample Student 1018,student1018@example.com,Information Technology,2027
C24240,Sample Student 1019,student1019@example.com,Computer Engineering,2027
C24241,Sample Student 1020,student1020@example.com,Information Technology,2027
C24242,Sample Student 1021,student1021@example.com,Computer Engineering,2027
C24243,Sample Student 1022,student1022@example.com,Information Technology,2027
C24244,Sample Student 1023,student1023@example.com,Computer Engineering,2027
C24245,Sample Student 1024,student1024@example.com,Information Technology,2027
C24246,Sample Student 1025,student1025@example.com,Computer Engineering,2027
C24247,Sample Student 1026,student1026@example.com,Information Technology,2027
C24248,Sample Student 1027,student1027@example.com,Computer Engineering,2027
C24249,Sample Student 1028,student1028@example.com,Information Technology,2027
C24250,Sample Student 1029,student1029@example.com,Computer Engineering,2027
C24251,Sample Student 1030,student1030@example.com,Information Technology,2027
C24252,Sample Student 1031,student1031@example.com,Computer Engineering,2027
C24253,Sample Student 1032,student1032@example.com,Information Technology,2027
C24254,Sample Student 1033,student1033@example.com,Computer Engineering,2027
C24255,Sample Student 1034,student1034@example.com,Information Technology,2027
C24256,Sample Student 1035,student1035@example.com,Computer Engineering,2027
C24257,Sample Student 1036,student1036@example.com,Information Technology,2027
C24258,Sample Student 1037,student1037@example.com,Computer Engineering,2027
C24259,Sample Student 1038,student1038@example.com,Information Technology,2027
C24260,Sample Student 1039,student1039@example.com,Computer Engineering,2027
C24261,Sample Student 1040,student1040@example.com,Information Technology,2027
C24262,Sample Student 1041,student1041@example.com,Computer Engineering,2027
C24263,Sample Student 1042,student1042@example.com,Information Technology,2027
C24264,Sample Student 1043,student1043@example.com,Computer Engineering,2027
C24265,Sample Student 1044,student1044@example.com,Information Technology,2027
C24266,Sample Student 1045,student1045@example.com,Computer Engineering,2027
C24267,Sample Student 1046,student1046@example.com,Information Technology,2027
C24268,Sample Student 1047,student1047@example.com,Computer Engineering,2027
C24269,Sample Student 1048,student1048@example.com,Information Technology,2027
C24270,Sample Student 1049,student1049@example.com,Computer Engineering,2027
C24271,Sample Student 1050,student1050@example.com,Information Technology,2027
C24272,Sample Student 1051,student1051@example.com,Computer Engineering,2027
C24273,Sample Student 1052,student1052@example.com,Information Technology,2027
C24274,Sample Student 1053,student1053@example.com,Computer Engineering,2027
C24275,Sample Student 1054,student1054@example.com,Information Technology,2027
C24276,Sample Student 1055,student1055@example.com,Computer Engineering,2027
C24277,Sample Student 1056,student1056@example.com,Information Technology,2027
C24278,Sample Student 1057,student1057@example.com,Computer Engineering,2027
C24279,Sample Student 1058,student1058@example.com,Information Technology,2027
C24280,Sample Student 1059,student1059@example.com,Computer Engineering,2027
C24281,Sample Student 1060,student1060@example.com,Information Technology,2027
C24282,Sample Student 1061,student1061@example.com,Computer Engineering,2027
C24283,Sample Student 1062,student1062@example.com,Information Technology,2027
C24284,Sample Student 1063,student1063@example.com,Computer Engineering,2027
C24285,Sample Student 1064,student1064@example.com,Information Technology,2027
C24286,Sample Student 1065,student1065@example.com,Computer Engineering,2027
C24287,Sample Student 1066,student1066@example.com,Information Technology,2027
C24288,Sample Student 1067,student1067@example.com,Computer Engineering,2027
C24289,Sample Student 1068,student1068@example.com,Information Technology,2027
C24290,Sample Student 1069,student1069@example.com,Computer Engineering,2027
C24291,Sample Student 1070,student1070@example.com,Information Technology,2027
C24292,Sample Student 1071,student1071@example.com,Computer Engineering,2027
C24293,Sample Student 1072,student1072@example.com,Information Technology,2027
C24294,Sample Student 1073,student1073@example.com,Computer Engineering,2027
C24295,Sample Student 1074,student1074@example.com,Information Technology,2027
C24296,Sample Student 1075,student1075@example.com,Computer Engineering,2027
C24297,Sample Student 1076,student1076@example.com,Information Technology,2027
C24298,Sample Student 1077,student1077@example.com,Computer Engineering,2027
C24299,Sample Student 1078,student1078@example.com,Information Technology,2027
C24300,Sample Student 1079,student1079@example.com,Computer Engineering,2027
C24301,Sample Student 1080,student1080@example.com,Information Technology,2027
C24302,Sample Student 1081,student1081@example.com,Computer Engineering,2027
C24303,Sample Student 1082,student1082@example.com,Information Technology,2027
C24304,Sample Student 1083,student1083@example.com,Computer Engineering,2027
C24305,Sample Student 1084,student1084@example.com,Information Technology,2027
C24306,Sample Student 1085,student1085@example.com,Computer Engineering,2027
C24307,Sample Student 1086,student1086@example.com,Information Technology,2027
C24308,Sample Student 1087,student1087@example.com,Computer Engineering,2027
C24309,Sample Student 1088,student1088@example.com,Information Technology,2027
C24310,Sample Student 1089,student1089@example.com,Computer Engineering,2027
C24311,Sample Student 1090,student1090@example.com,Information Technology,2027
C24312,Sample Student 1091,student1091@example.com,Computer Engineering,2027
C24313,Sample Student 1092,student1092@example.com,Information Technology,2027
C24314,Sample Student 1093,student1093@example.com,Computer Engineering,2027
C24315,Sample Student 1094,student1094@example.com,Information Technology,2027
C24316,Sample Student 1095,student1095@example.com,Computer Engineering,2027
C24317,Sample Student 1096,student1096@example.com,Information Technology,2027
C24318,Sample Student 1097,student1097@example.com,Computer Engineering,2027
C24319,Sample Student 1098,student1098@example.com,Information Technology,2027
C24320,Sample Student 1099,student1099@example.com,Computer Engineering,2027
C24321,Sample Student 1100,student1100@example.com,Information Technology,2027
C24322,Sample Student 1101,student1101@example.com,Computer Engineering,2027
C24323,Sample Student 1102,student1102@example.com,Information Technology,2027
C24324,Sample Student 1103,student1103@example.com,Computer Engineering,2027
C24325,Sample Student 1104,student1104@example.com,Information Technology,2027
C24326,Sample Student 1105,student1105@example.com,Computer Engineering,2027
C24327,Sample Student 1106,student1106@example.com,Information Technology,2027
C24328,Sample Student 1107,student1107@example.com,Computer Engineering,2027
C24329,Sample Student 1108,student1108@example.com,Information Technology,2027
C24330,Sample Student 1109,student1109@example.com,Computer Engineering,2027
C24331,Sample Student 1110,student1110@example.com,Information Technology,2027
C24332,Sample Student 1111,student1111@example.com,Computer Engineering,2027
C24333,Sample Student 1112,student1112@example.com,Information Technology,2027
C24334,Sample Student 1113,student1113@example.com,Computer Engineering,2027
C24335,Sample Student 1114,student1114@example.com,Information Technology,2027
C24336,Sample Student 1115,student1115@example.com,Computer Engineering,2027
C24337,Sample Student 1116,student1116@example.com,Information Technology,2027
C24338,Sample Student 1117,student1117@example.com,Computer Engineering,2027
C24339,Sample Student 1118,student1118@example.com,Information Technology,2027
C24340,Sample Student 1119,student1119@example.com,Computer Engineering,2027
C24341,Sample Student 1120,student1120@example.com,Information Technology,2027
C24342,Sample Student 1121,student1121@example.com,Computer Engineering,2027
C24343,Sample Student 1122,student1122@example.com,Information Technology,2027
C24344,Sample Student 1123,student1123@example.com,Computer Engineering,2027
C24345,Sample Student 1124,student1124@example.com,Information Technology,2027
C24346,Sample Student 1125,student1125@example.com,Computer Engineering,2027
C24347,Sample Student 1126,student1126@example.com,Information Technology,2027
C24348,Sample Student 1127,student1127@example.com,Computer Engineering,2027
C24349,Sample Student 1128,student1128@example.com,Information Technology,2027
C24350,Sample Student 1129,student1129@example.com,Computer Engineering,2027
C24351,Sample Student 1130,student1130@example.com,Information Technology,2027
C24352,Sample Student 1131,student1131@example.com,Computer Engineering,2027
C24353,Sample Student 1132,student1132@example.com,Information Technology,2027
C24354,Sample Student 1133,student1133@example.com,Computer Engineering,2027
C24355,Sample Student 1134,student1134@example.com,Information Technology,2027
C24356,Sample Student 1135,student1135@example.com,Computer Engineering,2027
C24357,Sample Student 1136,student1136@example.com,Information Technology,2027
C24358,Sample Student 1137,student1137@example.com,Computer Engineering,2027
C24359,Sample Student 1138,student1138@example.com,Information Technology,2027
C24360,Sample Student 1139,student1139@example.com,Computer Engineering,2027
C24361,Sample Student 1140,student1140@example.com,Information Technology,2027
C24362,Sample Student 1141,student1141@example.com,Computer Engineering,2027
C24363,Sample Student 1142,student1142@example.com,Information Technology,2027
C24364,Sample Student 1143,student1143@example.com,Computer Engineering,2027
C24365,Sample Student 1144,student1144@example.com,Information Technology,2027
C24366,Sample Student 1145,student1145@example.com,Computer Engineering,2027
C24367,Sample Student 1146,student1146@example.com,Information Technology,2027
C24368,Sample Student 1147,student1147@example.com,Computer Engineering,2027
C24369,Sample Student 1148,student1148@example.com,Information Technology,2027
C24370,Sample Student 1149,student1149@example.com,Computer Engineering,2027
C24371,Sample Student 1150,student1150@example.com,Information Technology,2027
C24372,Sample Student 1151,student1151@example.com,Computer Engineering,2027
C24373,Sample Student 1152,student1152@example.com,Information Technology,2027
C24374,Sample Student 1153,student1153@example.com,Computer Engineering,2027
C24375,Sample Student 1154,student1154@example.com,Information Technology,2027
C24376,Sample Student 1155,student1155@example.com,Computer Engineering,2027
C24377,Sample Student 1156,student1156@example.com,Information Technology,2027
C24378,Sample Student 1157,student1157@example.com,Computer Engineering,2027
C24379,Sample Student 1158,student1158@example.com,Information Technology,2027
C24380,Sample Student 1159,student1159@example.com,Computer Engineering,2027
C24381,Sample Student 1160,student1160@example.com,Information Technology,2027
C24382,Sample Student 1161,student1161@example.com,Computer Engineering,2027
C24383,Sample Student 1162,student1162@example.com,Information Technology,2027
C24384,Sample Student 1163,student1163@example.com,Computer Engineering,2027
C24385,Sample Student 1164,student1164@example.com,Information Technology,2027
C24386,Sample Student 1165,student1165@example.com,Computer Engineering,2027
C24387,Sample Student 1166,student1166@example.com,Information Technology,2027
C24388,Sample Student 1167,student1167@example.com,Computer Engineering,2027
C24389,Sample Student 1168,student1168@example.com,Information Technology,2027
C24390,Sample Student 1169,student1169@example.com,Computer Engineering,2027
C24391,Sample Student 1170,student1170@example.com,Information Technology,2027
C24392,Sample Student 1171,student1171@example.com,Computer Engineering,2027
C24393,Sample Student 1172,student1172@example.com,Information Technology,2027
C24394,Sample Student 1173,student1173@example.com,Computer Engineering,2027
C24395,Sample Student 1174,student1174@example.com,Information Technology,2027
C24396,Sample Student 1175,student1175@example.com,Computer Engineering,2027
C24397,Sample Student 1176,student1176@example.com,Information Technology,2027
C24398,Sample Student 1177,student1177@example.com,Computer Engineering,2027
C24399,Sample Student 1178,student1178@example.com,Information Technology,2027
C24400,Sample Student 1179,student1179@example.com,Computer Engineering,2027
C24401,Sample Student 1180,student1180@example.com,Information Technology,2027
C24402,Sample Student 1181,student1181@example.com,Computer Engineering,2027
C24403,Sample Student 1182,student1182@example.com,Information Technology,2027
C24404,Sample Student 1183,student1183@example.com,Computer Engineering,2027
C24405,Sample Student 1184,student1184@example.com,Information Technology,2027
C24406,Sample Student 1185,student1185@example.com,Computer Engineering,2027
C24407,Sample Student 1186,student1186@example.com,Information Technology,2027
C24408,Sample Student 1187,student1187@example.com,Computer Engineering,2027
C24409,Sample Student 1188,student1188@example.com,Information Technology,2027
C24410,Sample Student 1189,student1189@example.com,Computer Engineering,2027
C24411,Sample Student 1190,student1190@example.com,Information Technology,2027
C24412,Sample Student 1191,student1191@example.com,Computer Engineering,2027
C24413,Sample Student 1192,student1192@example.com,Information Technology,2027
C24414,Sample Student 1193,student1193@example.com,Computer Engineering,2027
C24415,Sample Student 1194,student1194@example.com,Information Technology,2027
C24416,Sample Student 1195,student1195@example.com,Computer Engineering,2027
C24417,Sample Student 1196,student1196@example.com,Information Technology,2027
C24418,Sample Student 1197,student1197@example.com,Computer Engineering,2027
C24419,Sample Student 1198,student1198@example.com,Information Technology,2027
C24420,Sample Student 1199,student1199@example.com,Computer Engineering,2027
C24421,Sample Student 1200,student1200@example.com,Information Technology,2027
C24422,Sample Student 1201,student1201@example.com,Computer Engineering,2027
C24423,Sample Student 1202,student1202@example.com,Information Technology,2027
C24424,Sample Student 1203,student1203@example.com,Computer Engineering,2027
C24425,Sample Student 1204,student1204@example.com,Information Technology,2027
C24426,Sample Student 1205,student1205@example.com,Computer Engineering,2027
C24427,Sample Student 1206,student1206@example.com,Information Technology,2027
C24428,Sample Student 1207,student1207@example.com,Computer Engineering,2027
C24429,Sample Student 1208,student1208@example.com,Information Technology,2027
C24430,Sample Student 1209,student1209@example.com,Computer Engineering,2027
C24431,Sample Student 1210,student1210@example.com,Information Technology,2027
C24432,Sample Student 1211,student1211@example.com,Computer Engineering,2027
C24433,Sample Student 1212,student1212@example.com,Information Technology,2027
C24434,Sample Student 1213,student1213@example.com,Computer Engineering,2027
C24435,Sample Student 1214,student1214@example.com,Information Technology,2027
C24436,Sample Student 1215,student1215@example.com,Computer Engineering,2027
C24437,Sample Student 1216,student1216@example.com,Information Technology,2027
C24438,Sample Student 1217,student1217@example.com,Computer Engineering,2027
C24439,Sample Student 1218,student1218@example.com,Information Technology,2027
C24440,Sample Student 1219,student1219@example.com,Computer Engineering,2027
C24441,Sample Student 1220,student1220@example.com,Information Technology,2027
C24442,Sample Student 1221,student1221@example.com,Computer Engineering,2027
C24443,Sample Student 1222,student1222@example.com,Information Technology,2027
C24444,Sample Student 1223,student1223@example.com,Computer Engineering,2027
C24445,Sample Student 1224,student1224@example.com,Information Technology,2027
C24446,Sample Student 1225,student1225@example.com,Computer Engineering,2027
C24447,Sample Student 1226,student1226@example.com,Information Technology,2027
C24448,Sample Student 1227,student1227@example.com,Computer Engineering,2027
C24449,Sample Student 1228,student1228@example.com,Information Technology,2027
C24450,Sample Student 1229,student1229@example.com,Computer Engineering,2027
C24451,Sample Student 1230,student1230@example.com,Information Technology,2027
C24452,Sample Student 1231,student1231@example.com,Computer Engineering,2027
C24453,Sample Student 1232,student1232@example.com,Information Technology,2027
C24454,Sample Student 1233,student1233@example.com,Computer Engineering,2027
C24455,Sample Student 1234,student1234@example.com,Information Technology,2027
C24456,Sample Student 1235,student1235@example.com,Computer Engineering,2027
C24457,Sample Student 1236,student1236@example.com,Information Technology,2027
C24458,Sample Student 1237,student1237@example.com,Computer Engineering,2027
C24459,Sample Student 1238,student1238@example.com,Information Technology,2027
C24460,Sample Student 1239,student1239@example.com,Computer Engineering,2027
C24461,Sample Student 1240,student1240@example.com,Information Technology,2027
C24462,Sample Student 1241,student1241@example.com,Computer Engineering,2027
C24463,Sample Student 1242,student1242@example.com,Information Technology,2027
C24464,Sample Student 1243,student1243@example.com,Computer Engineering,2027
C24465,Sample Student 1244,student1244@example.com,Information Technology,2027
C24466,Sample Student 1245,student1245@example.com,Computer Engineering,2027
C24467,Sample Student 1246,student1246@example.com,Information Technology,2027
C24468,Sample Student 1247,student1247@example.com,Computer Engineering,2027
C24469,Sample Student 1248,student1248@example.com,Information Technology,2027
C24470,Sample Student 1249,student1249@example.com,Computer Engineering,2027
C24471,Sample Student 1250,student1250@example.com,Information Technology,2027
C24472,Sample Student 1251,student1251@example.com,Computer Engineering,2027
C24473,Sample Student 1252,student1252@example.com,Information Technology,2027
C24474,Sample Student 1253,student1253@example.com,Computer Engineering,2027
C24475,Sample Student 1254,student1254@example.com,Information Technology,2027
C24476,Sample Student 1255,student1255@example.com,Computer Engineering,2027
C24477,Sample Student 1256,student1256@example.com,Information Technology,2027
C24478,Sample Student 1257,student1257@example.com,Computer Engineering,2027
C24479,Sample Student 1258,student1258@example.com,Information Technology,2027
C24480,Sample Student 1259,student1259@example.com,Computer Engineering,2027
C24481,Sample Student 1260,student1260@example.com,Information Technology,2027
C24482,Sample Student 1261,student1261@example.com,Computer Engineering,2027
C24483,Sample Student 1262,student1262@example.com,Information Technology,2027
C24484,Sample Student 1263,student1263@example.com,Computer Engineering,2027
C24485,Sample Student 1264,student1264@example.com,Information Technology,2027
C24486,Sample Student 1265,student1265@example.com,Computer Engineering,2027
C24487,Sample Student 1266,student1266@example.com,Information Technology,2027
C24488,Sample Student 1267,student1267@example.com,Computer Engineering,2027
C24489,Sample Student 1268,student1268@example.com,Information Technology,2027
C24490,Sample Student 1269,student1269@example.com,Computer Engineering,2027
C24491,Sample Student 1270,student1270@example.com,Information Technology,2027
C24492,Sample Student 1271,student1271@example.com,Computer Engineering,2027
C24493,Sample Student 1272,student1272@example.com,Information Technology,2027
C24494,Sample Student 1273,student1273@example.com,Computer Engineering,2027
C24495,Sample Student 1274,student1274@example.com,Information Technology,2027
C24496,Sample Student 1275,student1275@example.com,Computer Engineering,2027
C24497,Sample Student 1276,student1276@example.com,Information Technology,2027
C24498,Sample Student 1277,student1277@example.com,Computer Engineering,2027
C24499,Sample Student 1278,student1278@example.com,Information Technology,2027
C24500,Sample Student 1279,student1279@example.com,Computer Engineering,2027
C24501,Sample Student 1280,student1280@example.com,Information Technology,2027
C24502,Sample Student 1281,student1281@example.com,Computer Engineering,2027
C24503,Sample Student 1282,student1282@example.com,Information Technology,2027
C24504,Sample Student 1283,student1283@example.com,Computer Engineering,2027
C24505,Sample Student 1284,student1284@example.com,Information Technology,2027
C24506,Sample Student 1285,student1285@example.com,Computer Engineering,2027
C24507,Sample Student 1286,student1286@example.com,Information Technology,2027
C24508,Sample Student 1287,student1287@example.com,Computer Engineering,2027
C24509,Sample Student 1288,student1288@example.com,Information Technology,2027
C24510,Sample Student 1289,student1289@example.com,Computer Engineering,2027
C24511,Sample Student 1290,student1290@example.com,Information Technology,2027
C24512,Sample Student 1291,student1291@example.com,Computer Engineering,2027
C24513,Sample Student 1292,student1292@example.com,Information Technology,2027
C24514,Sample Student 1293,student1293@example.com,Computer Engineering,2027
C24515,Sample Student 1294,student1294@example.com,Information Technology,2027
C24516,Sample Student 1295,student1295@example.com,Computer Engineering,2027
C24517,Sample Student 1296,student1296@example.com,Information Technology,2027
C24518,Sample Student 1297,student1297@example.com,Computer Engineering,2027
C24519,Sample Student 1298,student1298@example.com,Information Technology,2027
C24520,Sample Student 1299,student1299@example.com,Computer Engineering,2027
C24521,Sample Student 1300,student1300@example.com,Information Technology,2027
C24522,Sample Student 1301,student1301@example.com,Computer Engineering,2027
C24523,Sample Student 1302,student1302@example.com,Information Technology,2027
C24524,Sample Student 1303,student1303@example.com,Computer Engineering,2027
C24525,Sample Student 1304,student1304@example.com,Information Technology,2027
C24526,Sample Student 1305,student1305@example.com,Computer Engineering,2027
C24527,Sample Student 1306,student1306@example.com,Information Technology,2027
C24528,Sample Student 1307,student1307@example.com,Computer Engineering,2027
C24529,Sample Student 1308,student1308@example.com,Information Technology,2027
C24530,Sample Student 1309,student1309@example.com,Computer Engineering,2027
C24531,Sample Student 1310,student1310@example.com,Information Technology,2027
C24532,Sample Student 1311,student1311@example.com,Computer Engineering,2027
C24533,Sample Student 1312,student1312@example.com,Information Technology,2027
C24534,Sample Student 1313,student1313@example.com,Computer Engineering,2027
C24535,Sample Student 1314,student1314@example.com,Information Technology,2027
C24536,Sample Student 1315,student1315@example.com,Computer Engineering,2027
C24537,Sample Student 1316,student1316@example.com,Information Technology,2027
C24538,Sample Student 1317,student1317@example.com,Computer Engineering,2027
C24539,Sample Student 1318,student1318@example.com,Information Technology,2027
C24540,Sample Student 1319,student1319@example.com,Computer Engineering,2027
C24541,Sample Student 1320,student1320@example.com,Information Technology,2027
C24542,Sample Student 1321,student1321@example.com,Computer Engineering,2027
C24543,Sample Student 1322,student1322@example.com,Information Technology,2027
C24544,Sample Student 1323,student1323@example.com,Computer Engineering,2027
C24545,Sample Student 1324,student1324@example.com,Information Technology,2027
C24546,Sample Student 1325,student1325@example.com,Computer Engineering,2027
C24547,Sample Student 1326,student1326@example.com,Information Technology,2027
C24548,Sample Student 1327,student1327@example.com,Computer Engineering,2027
C24549,Sample Student 1328,student1328@example.com,Information Technology,2027
C24550,Sample Student 1329,student1329@example.com,Computer Engineering,2027
C24551,Sample Student 1330,student1330@example.com,Information Technology,2027
C24552,Sample Student 1331,student1331@example.com,Computer Engineering,2027
C24553,Sample Student 1332,student1332@example.com,Information Technology,2027
C24554,Sample Student 1333,student1333@example.com,Computer Engineering,2027
C24555,Sample Student 1334,student1334@example.com,Information Technology,2027
C24556,Sample Student 1335,student1335@example.com,Computer Engineering,2027
C24557,Sample Student 1336,student1336@example.com,Information Technology,2027
C24558,Sample Student 1337,student1337@example.com,Computer Engineering,2027
C24559,Sample Student 1338,student1338@example.com,Information Technology,2027
C24560,Sample Student 1339,student1339@example.com,Computer Engineering,2027
C24561,Sample Student 1340,student1340@example.com,Information Technology,2027
C24562,Sample Student 1341,student1341@example.com,Computer Engineering,2027
C24563,Sample Student 1342,student1342@example.com,Information Technology,2027
C24564,Sample Student 1343,student1343@example.com,Computer Engineering,2027
C24565,Sample Student 1344,student1344@example.com,Information Technology,2027
C24566,Sample Student 1345,student1345@example.com,Computer Engineering,2027
C24567,Sample Student 1346,student1346@example.com,Information Technology,2027
C24568,Sample Student 1347,student1347@example.com,Computer Engineering,2027
C24569,Sample Student 1348,student1348@example.com,Information Technology,2027
C24570,Sample Student 1349,student1349@example.com,Computer Engineering,2027
C24571,Sample Student 1350,student1350@example.com,Information Technology,2027
C24572,Sample Student 1351,student1351@example.com,Computer Engineering,2027
C24573,Sample Student 1352,student1352@example.com,Information Technology,2027
C24574,Sample Student 1353,student1353@example.com,Computer Engineering,2027
C24575,Sample Student 1354,student1354@example.com,Information Technology,2027
C24576,Sample Student 1355,student1355@example.com,Computer Engineering,2027
C24577,Sample Student 1356,student1356@example.com,Information Technology,2027
C24578,Sample Student 1357,student1357@example.com,Computer Engineering,2027
C24579,Sample Student 1358,student1358@example.com,Information Technology,2027
C24580,Sample Student 1359,student1359@example.com,Computer Engineering,2027
C24581,Sample Student 1360,student1360@example.com,Information Technology,2027
C24582,Sample Student 1361,student1361@example.com,Computer Engineering,2027
C24583,Sample Student 1362,student1362@example.com,Information Technology,2027
C24584,Sample Student 1363,student1363@example.com,Computer Engineering,2027
C24585,Sample Student 1364,student1364@example.com,Information Technology,2027
C24586,Sample Student 1365,student1365@example.com,Computer Engineering,2027
C24587,Sample Student 1366,student1366@example.com,Information Technology,2027
C24588,Sample Student 1367,student1367@example.com,Computer Engineering,2027
C24589,Sample Student 1368,student1368@example.com,Information Technology,2027
C24590,Sample Student 1369,student1369@example.com,Computer Engineering,2027
C24591,Sample Student 1370,student1370@example.com,Information Technology,2027
C24592,Sample Student 1371,student1371@example.com,Computer Engineering,2027
C24593,Sample Student 1372,student1372@example.com,Information Technology,2027
C24594,Sample Student 1373,student1373@example.com,Computer Engineering,2027
C24595,Sample Student 1374,student1374@example.com,Information Technology,2027
C24596,Sample Student 1375,student1375@example.com,Computer Engineering,2027
C24597,Sample Student 1376,student1376@example.com,Information Technology,2027
C24598,Sample Student 1377,student1377@example.com,Computer Engineering,2027
C24599,Sample Student 1378,student1378@example.com,Information Technology,2027
C24600,Sample Student 1379,student1379@example.com,Computer Engineering,2027
C24601,Sample Student 1380,student1380@example.com,Information Technology,2027
C24602,Sample Student 1381,student1381@example.com,Computer Engineering,2027
C24603,Sample Student 1382,student1382@example.com,Information Technology,2027
C24604,Sample Student 1383,student1383@example.com,Computer Engineering,2027
C24605,Sample Student 1384,student1384@example.com,Information Technology,2027
C24606,Sample Student 1385,student1385@example.com,Computer Engineering,2027
C24607,Sample Student 1386,student1386@example.com,Information Technology,2027
C24608,Sample Student 1387,student1387@example.com,Computer Engineering,2027
C24609,Sample Student 1388,student1388@example.com,Information Technology,2027
C24610,Sample Student 1389,student1389@example.com,Computer Engineering,2027
C24611,Sample Student 1390,student1390@example.com,Information Technology,2027
C24612,Sample Student 1391,student1391@example.com,Computer Engineering,2027
C24613,Sample Student 1392,student1392@example.com,Information Technology,2027
C24614,Sample Student 1393,student1393@example.com,Computer Engineering,2027
C24615,Sample Student 1394,student1394@example.com,Information Technology,2027
C24616,Sample Student 1395,student1395@example.com,Computer Engineering,2027
C24617,Sample Student 1396,student1396@example.com,Information Technology,2027
C24618,Sample Student 1397,student1397@example.com,Computer Engineering,2027
C24619,Sample Student 1398,student1398@example.com,Information Technology,2027
C24620,Sample Student 1399,student1399@example.com,Computer Engineering,2027
C24621,Sample Student 1400,student1400@example.com,Information Technology,2027
C24622,Sample Student 1401,student1401@example.com,Computer Engineering,2027
C24623,Sample Student 1402,student1402@example.com,Information Technology,2027
C24624,Sample Student 1403,student1403@example.com,Computer Engineering,2027
C24625,Sample Student 1404,student1404@example.com,Information Technology,2027
C24626,Sample Student 1405,student1405@example.com,Computer Engineering,2027
C24627,Sample Student 1406,student1406@example.com,Information Technology,2027
C24628,Sample Student 1407,student1407@example.com,Computer Engineering,2027
C24629,Sample Student 1408,student1408@example.com,Information Technology,2027
C24630,Sample Student 1409,student1409@example.com,Computer Engineering,2027
C24631,Sample Student 1410,student1410@example.com,Information Technology,2027
C24632,Sample Student 1411,student1411@example.com,Computer Engineering,2027
C24633,Sample Student 1412,student1412@example.com,Information Technology,2027
C24634,Sample Student 1413,student1413@example.com,Computer Engineering,2027
C24635,Sample Student 1414,student1414@example.com,Information Technology,2027
C24636,Sample Student 1415,student1415@example.com,Computer Engineering,2027
C24637,Sample Student 1416,student1416@example.com,Information Technology,2027
C24638,Sample Student 1417,student1417@example.com,Computer Engineering,2027
C24639,Sample Student 1418,student1418@example.com,Information Technology,2027
C24640,Sample Student 1419,student1419@example.com,Computer Engineering,2027
C24641,Sample Student 1420,student1420@example.com,Information Technology,2027
C24642,Sample Student 1421,student1421@example.com,Computer Engineering,2027
C24643,Sample Student 1422,student1422@example.com,Information Technology,2027
C24644,Sample Student 1423,student1423@example.com,Computer Engineering,2027
C24645,Sample Student 1424,student1424@example.com,Information Technology,2027
C24646,Sample Student 1425,student1425@example.com,Computer Engineering,2027
C24647,Sample Student 1426,student1426@example.com,Information Technology,2027
C24648,Sample Student 1427,student1427@example.com,Computer Engineering,2027
C24649,Sample Student 1428,student1428@example.com,Information Technology,2027
C24650,Sample Student 1429,student1429@example.com,Computer Engineering,2027
C24651,Sample Student 1430,student1430@example.com,Information Technology,2027
C24652,Sample Student 1431,student1431@example.com,Computer Engineering,2027
C24653,Sample Student 1432,student1432@example.com,Information Technology,2027
C24654,Sample Student 1433,student1433@example.com,Computer Engineering,2027
C24655,Sample Student 1434,student1434@example.com,Information Technology,2027
C24656,Sample Student 1435,student1435@example.com,Computer Engineering,2027
C24657,Sample Student 1436,student1436@example.com,Information Technology,2027
C24658,Sample Student 1437,student1437@example.com,Computer Engineering,2027
C24659,Sample Student 1438,student1438@example.com,Information Technology,2027
C24660,Sample Student 1439,student1439@example.com,Computer Engineering,2027
C24661,Sample Student 1440,student1440@example.com,Information Technology,2027
C24662,Sample Student 1441,student1441@example.com,Computer Engineering,2027
C24663,Sample Student 1442,student1442@example.com,Information Technology,2027
C24664,Sample Student 1443,student1443@example.com,Computer Engineering,2027
C24665,Sample Student 1444,student1444@example.com,Information Technology,2027
C24666,Sample Student 1445,student1445@example.com,Computer Engineering,2027
C24667,Sample Student 1446,student1446@example.com,Information Technology,2027
C24668,Sample Student 1447,student1447@example.com,Computer Engineering,2027
C24669,Sample Student 1448,student1448@example.com,Information Technology,2027
C24670,Sample Student 1449,student1449@example.com,Computer Engineering,2027
C24671,Sample Student 1450,student1450@example.com,Information Technology,2027
C24672,Sample Student 1451,student1451@example.com,Computer Engineering,2027
C24673,Sample Student 1452,student1452@example.com,Information Technology,2027
C24674,Sample Student 1453,student1453@example.com,Computer Engineering,2027
C24675,Sample Student 1454,student1454@example.com,Information Technology,2027
C24676,Sample Student 1455,student1455@example.com,Computer Engineering,2027
C24677,Sample Student 1456,student1456@example.com,Information Technology,2027
C24678,Sample Student 1457,student1457@example.com,Computer Engineering,2027
C24679,Sample Student 1458,student1458@example.com,Information Technology,2027
C24680,Sample Student 1459,student1459@example.com,Computer Engineering,2027
C24681,Sample Student 1460,student1460@example.com,Information Technology,2027
C24682,Sample Student 1461,student1461@example.com,Computer Engineering,2027
C24683,Sample Student 1462,student1462@example.com,Information Technology,2027
C24684,Sample Student 1463,student1463@example.com,Computer Engineering,2027
C24685,Sample Student 1464,student1464@example.com,Information Technology,2027
C24686,Sample Student 1465,student1465@example.com,Computer Engineering,2027
C24687,Sample Student 1466,student1466@example.com,Information Technology,2027
C24688,Sample Student 1467,student1467@example.com,Computer Engineering,2027
C24689,Sample Student 1468,student1468@example.com,Information Technology,2027
C24690,Sample Student 1469,student1469@example.com,Computer Engineering,2027
C24691,Sample Student 1470,student1470@example.com,Information Technology,2027
C24692,Sample Student 1471,student1471@example.com,Computer Engineering,2027
C24693,Sample Student 1472,student1472@example.com,Information Technology,2027
C24694,Sample Student 1473,student1473@example.com,Computer Engineering,2027
C24695,Sample Student 1474,student1474@example.com,Information Technology,2027
C24696,Sample Student 1475,student1475@example.com,Computer Engineering,2027
C24697,Sample Student 1476,student1476@example.com,Information Technology,2027
C24698,Sample Student 1477,student1477@example.com,Computer Engineering,2027
C24699,Sample Student 1478,student1478@example.com,Information Technology,2027
C24700,Sample Student 1479,student1479@example.com,Computer Engineering,2027
C24701,Sample Student 1480,student1480@example.com,Information Technology,2027
C24702,Sample Student 1481,student1481@example.com,Computer Engineering,2027
C24703,Sample Student 1482,student1482@example.com,Information Technology,2027
C24704,Sample Student 1483,student1483@example.com,Computer Engineering,2027
C24705,Sample Student 1484,student1484@example.com,Information Technology,2027
C24706,Sample Student 1485,student1485@example.com,Computer Engineering,2027
C24707,Sample Student 1486,student1486@example.com,Information Technology,2027
C24708,Sample Student 1487,student1487@example.com,Computer Engineering,2027
C24709,Sample Student 1488,student1488@example.com,Information Technology,2027
C24710,Sample Student 1489,student1489@example.com,Computer Engineering,2027
C24711,Sample Student 1490,student1490@example.com,Information Technology,2027
C24712,Sample Student 1491,student1491@example.com,Computer Engineering,2027
C24713,Sample Student 1492,student1492@example.com,Information Technology,2027
C24714,Sample Student 1493,student1493@example.com,Computer Engineering,2027
C24715,Sample Student 1494,student1494@example.com,Information Technology,2027
C24716,Sample Student 1495,student1495@example.com,Computer Engineering,2027
C24717,Sample Student 1496,student1496@example.com,Information Technology,2027
C24718,Sample Student 1497,student1497@example.com,Computer Engineering,2027
C24719,Sample Student 1498,student1498@example.com,Information Technology,2027
C24720,Sample Student 1499,student1499@example.com,Computer Engineering,2027
C24721,Sample Student 1500,student1500@example.com,Information Technology,2027
C24722,Sample Student 1501,student1501@example.com,Computer Engineering,2027
C24723,Sample Student 1502,student1502@example.com,Information Technology,2027
C24724,Sample Student 1503,student1503@example.com,Computer Engineering,2027
C24725,Sample Student 1504,student1504@example.com,Information Technology,2027
C24726,Sample Student 1505,student1505@example.com,Computer Engineering,2027
C24727,Sample Student 1506,student1506@example.com,Information Technology,2027
C24728,Sample Student 1507,student1507@example.com,Computer Engineering,2027
C24729,Sample Student 1508,student1508@example.com,Information Technology,2027
C24730,Sample Student 1509,student1509@example.com,Computer Engineering,2027
C24731,Sample Student 1510,student1510@example.com,Information Technology,2027
C24732,Sample Student 1511,student1511@example.com,Computer Engineering,2027
C24733,Sample Student 1512,student1512@example.com,Information Technology,2027
C24734,Sample Student 1513,student1513@example.com,Computer Engineering,2027
C24735,Sample Student 1514,student1514@example.com,Information Technology,2027
C24736,Sample Student 1515,student1515@example.com,Computer Engineering,2027
C24737,Sample Student 1516,student1516@example.com,Information Technology,2027
C24738,Sample Student 1517,student1517@example.com,Computer Engineering,2027
C24739,Sample Student 1518,student1518@example.com,Information Technology,2027
C24740,Sample Student 1519,student1519@example.com,Computer Engineering,2027
C24741,Sample Student 1520,student1520@example.com,Information Technology,2027
C24742,Sample Student 1521,student1521@example.com,Computer Engineering,2027
C24743,Sample Student 1522,student1522@example.com,Information Technology,2027
C24744,Sample Student 1523,student1523@example.com,Computer Engineering,2027
C24745,Sample Student 1524,student1524@example.com,Information Technology,2027
C24746,Sample Student 1525,student1525@example.com,Computer Engineering,2027
C24747,Sample Student 1526,student1526@example.com,Information Technology,2027
C24748,Sample Student 1527,student1527@example.com,Computer Engineering,2027
C24749,Sample Student 1528,student1528@example.com,Information Technology,2027
C24750,Sample Student 1529,student1529@example.com,Computer Engineering,2027
C24751,Sample Student 1530,student1530@example.com,Information Technology,2027
C24752,Sample Student 1531,student1531@example.com,Computer Engineering,2027
C24753,Sample Student 1532,student1532@example.com,Information Technology,2027
C24754,Sample Student 1533,student1533@example.com,Computer Engineering,2027
C24755,Sample Student 1534,student1534@example.com,Information Technology,2027
C24756,Sample Student 1535,student1535@example.com,Computer Engineering,2027
C24757,Sample Student 1536,student1536@example.com,Information Technology,2027
C24758,Sample Student 1537,student1537@example.com,Computer Engineering,2027
C24759,Sample Student 1538,student1538@example.com,Information Technology,2027
C24760,Sample Student 1539,student1539@example.com,Computer Engineering,2027
C24761,Sample Student 1540,student1540@example.com,Information Technology,2027
C24762,Sample Student 1541,student1541@example.com,Computer Engineering,2027
C24763,Sample Student 1542,student1542@example.com,Information Technology,2027
C24764,Sample Student 1543,student1543@example.com,Computer Engineering,2027
C24765,Sample Student 1544,student1544@example.com,Information Technology,2027
C24766,Sample Student 1545,student1545@example.com,Computer Engineering,2027
C24767,Sample Student 1546,student1546@example.com,Information Technology,2027
C24768,Sample Student 1547,student1547@example.com,Computer Engineering,2027
C24769,Sample Student 1548,student1548@example.com,Information Technology,2027
C24770,Sample Student 1549,student1549@example.com,Computer Engineering,2027
C24771,Sample Student 1550,student1550@example.com,Information Technology,2027
C24772,Sample Student 1551,student1551@example.com,Computer Engineering,2027
C24773,Sample Student 1552,student1552@example.com,Information Technology,2027
C24774,Sample Student 1553,student1553@example.com,Computer Engineering,2027
C24775,Sample Student 1554,student1554@example.com,Information Technology,2027
C24776,Sample Student 1555,student1555@example.com,Computer Engineering,2027
C24777,Sample Student 1556,student1556@example.com,Information Technology,2027
C24778,Sample Student 1557,student1557@example.com,Computer Engineering,2027
C24779,Sample Student 1558,student1558@example.com,Information Technology,2027
C24780,Sample Student 1559,student1559@example.com,Computer Engineering,2027
C24781,Sample Student 1560,student1560@example.com,Information Technology,2027
C24782,Sample Student 1561,student1561@example.com,Computer Engineering,2027
C24783,Sample Student 1562,student1562@example.com,Information Technology,2027
C24784,Sample Student 1563,student1563@example.com,Computer Engineering,2027
C24785,Sample Student 1564,student1564@example.com,Information Technology,2027
C24786,Sample Student 1565,student1565@example.com,Computer Engineering,2027
C24787,Sample Student 1566,student1566@example.com,Information Technology,2027
C24788,Sample Student 1567,student1567@example.com,Computer Engineering,2027
C24789,Sample Student 1568,student1568@example.com,Information Technology,2027
C24790,Sample Student 1569,student1569@example.com,Computer Engineering,2027
C24791,Sample Student 1570,student1570@example.com,Information Technology,2027
C24792,Sample Student 1571,student1571@example.com,Computer Engineering,2027
C24793,Sample Student 1572,student1572@example.com,Information Technology,2027
C24794,Sample Student 1573,student1573@example.com,Computer Engineering,2027
C24795,Sample Student 1574,student1574@example.com,Information Technology,2027
C24796,Sample Student 1575,student1575@example.com,Computer Engineering,2027
C24797,Sample Student 1576,student1576@example.com,Information Technology,2027
C24798,Sample Student 1577,student1577@example.com,Computer Engineering,2027
C24799,Sample Student 1578,student1578@example.com,Information Technology,2027
C24800,Sample Student 1579,student1579@example.com,Computer Engineering,2027
C24801,Sample Student 1580,student1580@example.com,Information Technology,2027
C24802,Sample Student 1581,student1581@example.com,Computer Engineering,2027
C24803,Sample Student 1582,student1582@example.com,Information Technology,2027
C24804,Sample Student 1583,student1583@example.com,Computer Engineering,2027
C24805,Sample Student 1584,student1584@example.com,Information Technology,2027
C24806,Sample Student 1585,student1585@example.com,Computer Engineering,2027
C24807,Sample Student 1586,student1586@example.com,Information Technology,2027
C24808,Sample Student 1587,student1587@example.com,Computer Engineering,2027
C24809,Sample Student 1588,student1588@example.com,Information Technology,2027
C24810,Sample Student 1589,student1589@example.com,Computer Engineering,2027
C24811,Sample Student 1590,student1590@example.com,Information Technology,2027
C24812,Sample Student 1591,student1591@example.com,Computer Engineering,2027
C24813,Sample Student 1592,student1592@example.com,Information Technology,2027
C24814,Sample Student 1593,student1593@example.com,Computer Engineering,2027
C24815,Sample Student 1594,student1594@example.com,Information Technology,2027
C24816,Sample Student 1595,student1595@example.com,Computer Engineering,2027
C24817,Sample Student 1596,student1596@example.com,Information Technology,2027
C24818,Sample Student 1597,student1597@example.com,Computer Engineering,2027
C24819,Sample Student 1598,student1598@example.com,Information Technology,2027
C24820,Sample Student 1599,student1599@example.com,Computer Engineering,2027
C24821,Sample Student 1600,student1600@example.com,Information Technology,2027
C24822,Sample Student 1601,student1601@example.com,Computer Engineering,2027
C24823,Sample Student 1602,student1602@example.com,Information Technology,2027
C24824,Sample Student 1603,student1603@example.com,Computer Engineering,2027
C24825,Sample Student 1604,student1604@example.com,Information Technology,2027
C24826,Sample Student 1605,student1605@example.com,Computer Engineering,2027
C24827,Sample Student 1606,student1606@example.com,Information Technology,2027
C24828,Sample Student 1607,student1607@example.com,Computer Engineering,2027
C24829,Sample Student 1608,student1608@example.com,Information Technology,2027
C24830,Sample Student 1609,student1609@example.com,Computer Engineering,2027
C24831,Sample Student 1610,student1610@example.com,Information Technology,2027
C24832,Sample Student 1611,student1611@example.com,Computer Engineering,2027
C24833,Sample Student 1612,student1612@example.com,Information Technology,2027
C24834,Sample Student 1613,student1613@example.com,Computer Engineering,2027
C24835,Sample Student 1614,student1614@example.com,Information Technology,2027
C24836,Sample Student 1615,student1615@example.com,Computer Engineering,2027
C24837,Sample Student 1616,student1616@example.com,Information Technology,2027
C24838,Sample Student 1617,student1617@example.com,Computer Engineering,2027
C24839,Sample Student 1618,student1618@example.com,Information Technology,2027
C24840,Sample Student 1619,student1619@example.com,Computer Engineering,2027
C24841,Sample Student 1620,student1620@example.com,Information Technology,2027
C24842,Sample Student 1621,student1621@example.com,Computer Engineering,2027
C24843,Sample Student 1622,student1622@example.com,Information Technology,2027
C24844,Sample Student 1623,student1623@example.com,Computer Engineering,2027
C24845,Sample Student 1624,student1624@example.com,Information Technology,2027
C24846,Sample Student 1625,student1625@example.com,Computer Engineering,2027
C24847,Sample Student 1626,student1626@example.com,Information Technology,2027
C24848,Sample Student 1627,student1627@example.com,Computer Engineering,2027
C24849,Sample Student 1628,student1628@example.com,Information Technology,2027
C24850,Sample Student 1629,student1629@example.com,Computer Engineering,2027
C24851,Sample Student 1630,student1630@example.com,Information Technology,2027
C24852,Sample Student 1631,student1631@example.com,Computer Engineering,2027
C24853,Sample Student 1632,student1632@example.com,Information Technology,2027
C24854,Sample Student 1633,student1633@example.com,Computer Engineering,2027
C24855,Sample Student 1634,student1634@example.com,Information Technology,2027
C24856,Sample Student 1635,student1635@example.com,Computer Engineering,2027
C24857,Sample Student 1636,student1636@example.com,Information Technology,2027
C24858,Sample Student 1637,student1637@example.com,Computer Engineering,2027
C24859,Sample Student 1638,student1638@example.com,Information Technology,2027
C24860,Sample Student 1639,student1639@example.com,Computer Engineering,2027
C24861,Sample Student 1640,student1640@example.com,Information Technology,2027
C24862,Sample Student 1641,student1641@example.com,Computer Engineering,2027
C24863,Sample Student 1642,student1642@example.com,Information Technology,2027
C24864,Sample Student 1643,student1643@example.com,Computer Engineering,2027
C24865,Sample Student 1644,student1644@example.com,Information Technology,2027
C24866,Sample Student 1645,student1645@example.com,Computer Engineering,2027
C24867,Sample Student 1646,student1646@example.com,Information Technology,2027
C24868,Sample Student 1647,student1647@example.com,Computer Engineering,2027
C24869,Sample Student 1648,student1648@example.com,Information Technology,2027
C24870,Sample Student 1649,student1649@example.com,Computer Engineering,2027
C24871,Sample Student 1650,student1650@example.com,Information Technology,2027
C24872,Sample Student 1651,student1651@example.com,Computer Engineering,2027
C24873,Sample Student 1652,student1652@example.com,Information Technology,2027
C24874,Sample Student 1653,student1653@example.com,Computer Engineering,2027
C24875,Sample Student 1654,student1654@example.com,Information Technology,2027
C24876,Sample Student 1655,student1655@example.com,Computer Engineering,2027
C24877,Sample Student 1656,student1656@example.com,Information Technology,2027
C24878,Sample Student 1657,student1657@example.com,Computer Engineering,2027
C24879,Sample Student 1658,student1658@example.com,Information Technology,2027
C24880,Sample Student 1659,student1659@example.com,Computer Engineering,2027
C24881,Sample Student 1660,student1660@example.com,Information Technology,2027
C24882,Sample Student 1661,student1661@example.com,Computer Engineering,2027
C24883,Sample Student 1662,student1662@example.com,Information Technology,2027
C24884,Sample Student 1663,student1663@example.com,Computer Engineering,2027
C24885,Sample Student 1664,student1664@example.com,Information Technology,2027
C24886,Sample Student 1665,student1665@example.com,Computer Engineering,2027
C24887,Sample Student 1666,student1666@example.com,Information Technology,2027
C24888,Sample Student 1667,student1667@example.com,Computer Engineering,2027
C24889,Sample Student 1668,student1668@example.com,Information Technology,2027
C24890,Sample Student 1669,student1669@example.com,Computer Engineering,2027
C24891,Sample Student 1670,student1670@example.com,Information Technology,2027
C24892,Sample Student 1671,student1671@example.com,Computer Engineering,2027
C24893,Sample Student 1672,student1672@example.com,Information Technology,2027
C24894,Sample Student 1673,student1673@example.com,Computer Engineering,2027
C24895,Sample Student 1674,student1674@example.com,Information Technology,2027
C24896,Sample Student 1675,student1675@example.com,Computer Engineering,2027
C24897,Sample Student 1676,student1676@example.com,Information Technology,2027
C24898,Sample Student 1677,student1677@example.com,Computer Engineering,2027
C24899,Sample Student 1678,student1678@example.com,Information Technology,2027
C24900,Sample Student 1679,student1679@example.com,Computer Engineering,2027
C24901,Sample Student 1680,student1680@example.com,Information Technology,2027
C24902,Sample Student 1681,student1681@example.com,Computer Engineering,2027
C24903,Sample Student 1682,student1682@example.com,Information Technology,2027
C24904,Sample Student 1683,student1683@example.com,Computer Engineering,2027
C24905,Sample Student 1684,student1684@example.com,Information Technology,2027
C24906,Sample Student 1685,student1685@example.com,Computer Engineering,2027
C24907,Sample Student 1686,student1686@example.com,Information Technology,2027
C24908,Sample Student 1687,student1687@example.com,Computer Engineering,2027
C24909,Sample Student 1688,student1688@example.com,Information Technology,2027
C24910,Sample Student 1689,student1689@example.com,Computer Engineering,2027
C24911,Sample Student 1690,student1690@example.com,Information Technology,2027
C24912,Sample Student 1691,student1691@example.com,Computer Engineering,2027
C24913,Sample Student 1692,student1692@example.com,Information Technology,2027
C24914,Sample Student 1693,student1693@example.com,Computer Engineering,2027
C24915,Sample Student 1694,student1694@example.com,Information Technology,2027
C24916,Sample Student 1695,student1695@example.com,Computer Engineering,2027
C24917,Sample Student 1696,student1696@example.com,Information Technology,2027
C24918,Sample Student 1697,student1697@example.com,Computer Engineering,2027
C24919,Sample Student 1698,student1698@example.com,Information Technology,2027
C24920,Sample Student 1699,student1699@example.com,Computer Engineering,2027
C24921,Sample Student 1700,student1700@example.com,Information Technology,2027
C24922,Sample Student 1701,student1701@example.com,Computer Engineering,2027
C24923,Sample Student 1702,student1702@example.com,Information Technology,2027
C24924,Sample Student 1703,student1703@example.com,Computer Engineering,2027
C24925,Sample Student 1704,student1704@example.com,Information Technology,2027
C24926,Sample Student 1705,student1705@example.com,Computer Engineering,2027
C24927,Sample Student 1706,student1706@example.com,Information Technology,2027
C24928,Sample Student 1707,student1707@example.com,Computer Engineering,2027
C24929,Sample Student 1708,student1708@example.com,Information Technology,2027
C24930,Sample Student 1709,student1709@example.com,Computer Engineering,2027
C24931,Sample Student 1710,student1710@example.com,Information Technology,2027
C24932,Sample Student 1711,student1711@example.com,Computer Engineering,2027
C24933,Sample Student 1712,student1712@example.com,Information Technology,2027
C24934,Sample Student 1713,student1713@example.com,Computer Engineering,2027
C24935,Sample Student 1714,student1714@example.com,Information Technology,2027
C24936,Sample Student 1715,student1715@example.com,Computer Engineering,2027
C24937,Sample Student 1716,student1716@example.com,Information Technology,2027
C24938,Sample Student 1717,student1717@example.com,Computer Engineering,2027
C24939,Sample Student 1718,student1718@example.com,Information Technology,2027
C24940,Sample Student 1719,student1719@example.com,Computer Engineering,2027
C24941,Sample Student 1720,student1720@example.com,Information Technology,2027
C24942,Sample Student 1721,student1721@example.com,Computer Engineering,2027
C24943,Sample Student 1722,student1722@example.com,Information Technology,2027
C24944,Sample Student 1723,student1723@example.com,Computer Engineering,2027
C24945,Sample Student 1724,student1724@example.com,Information Technology,2027
C24946,Sample Student 1725,student1725@example.com,Computer Engineering,2027
C24947,Sample Student 1726,student1726@example.com,Information Technology,2027
C24948,Sample Student 1727,student1727@example.com,Computer Engineering,2027
C24949,Sample Student 1728,student1728@example.com,Information Technology,2027
C24950,Sample Student 1729,student1729@example.com,Computer Engineering,2027
C24951,Sample Student 1730,student1730@example.com,Information Technology,2027
C24952,Sample Student 1731,student1731@example.com,Computer Engineering,2027
C24953,Sample Student 1732,student1732@example.com,Information Technology,2027
C24954,Sample Student 1733,student1733@example.com,Computer Engineering,2027
C24955,Sample Student 1734,student1734@example.com,Information Technology,2027
C24956,Sample Student 1735,student1735@example.com,Computer Engineering,2027
C24957,Sample Student 1736,student1736@example.com,Information Technology,2027
C24958,Sample Student 1737,student1737@example.com,Computer Engineering,2027
C24959,Sample Student 1738,student1738@example.com,Information Technology,2027
C24960,Sample Student 1739,student1739@example.com,Computer Engineering,2027
C24961,Sample Student 1740,student1740@example.com,Information Technology,2027
C24962,Sample Student 1741,student1741@example.com,Computer Engineering,2027
C24963,Sample Student 1742,student1742@example.com,Information Technology,2027
C24964,Sample Student 1743,student1743@example.com,Computer Engineering,2027
C24965,Sample Student 1744,student1744@example.com,Information Technology,2027
C24966,Sample Student 1745,student1745@example.com,Computer Engineering,2027
C24967,Sample Student 1746,student1746@example.com,Information Technology,2027
C24968,Sample Student 1747,student1747@example.com,Computer Engineering,2027
C24969,Sample Student 1748,student1748@example.com,Information Technology,2027
C24970,Sample Student 1749,student1749@example.com,Computer Engineering,2027
C24971,Sample Student 1750,student1750@example.com,Information Technology,2027
C24972,Sample Student 1751,student1751@example.com,Computer Engineering,2027
C24973,Sample Student 1752,student1752@example.com,Information Technology,2027
C24974,Sample Student 1753,student1753@example.com,Computer Engineering,2027
C24975,Sample Student 1754,student1754@example.com,Information Technology,2027
C24976,Sample Student 1755,student1755@example.com,Computer Engineering,2027
C24977,Sample Student 1756,student1756@example.com,Information Technology,2027
C24978,Sample Student 1757,student1757@example.com,Computer Engineering,2027
C24979,Sample Student 1758,student1758@example.com,Information Technology,2027
C24980,Sample Student 1759,student1759@example.com,Computer Engineering,2027
C24981,Sample Student 1760,student1760@example.com,Information Technology,2027
C24982,Sample Student 1761,student1761@example.com,Computer Engineering,2027
C24983,Sample Student 1762,student1762@example.com,Information Technology,2027
C24984,Sample Student 1763,student1763@example.com,Computer Engineering,2027
C24985,Sample Student 1764,student1764@example.com,Information Technology,2027
C24986,Sample Student 1765,student1765@example.com,Computer Engineering,2027
C24987,Sample Student 1766,student1766@example.com,Information Technology,2027
C24988,Sample Student 1767,student1767@example.com,Computer Engineering,2027
C24989,Sample Student 1768,student1768@example.com,Information Technology,2027
C24990,Sample Student 1769,student1769@example.com,Computer Engineering,2027
C24991,Sample Student 1770,student1770@example.com,Information Technology,2027
C24992,Sample Student 1771,student1771@example.com,Computer Engineering,2027
C24993,Sample Student 1772,student1772@example.com,Information Technology,2027
C24994,Sample Student 1773,student1773@example.com,Computer Engineering,2027
C24995,Sample Student 1774,student1774@example.com,Information Technology,2027
C24996,Sample Student 1775,student1775@example.com,Computer Engineering,2027
C24997,Sample Student 1776,student1776@example.com,Information Technology,2027
C24998,Sample Student 1777,student1777@example.com,Computer Engineering,2027
C24999,Sample Student 1778,student1778@example.com,Information Technology,2027
C25000,Sample Student 1779,student1779@example.com,Computer Engineering,2027
C25001,Sample Student 1780,student1780@example.com,Information Technology,2027
C25002,Sample Student 1781,student1781@example.com,Computer Engineering,2027
C25003,Sample Student 1782,student1782@example.com,Information Technology,2027
C25004,Sample Student 1783,student1783@example.com,Computer Engineering,2027
C25005,Sample Student 1784,student1784@example.com,Information Technology,2027
C25006,Sample Student 1785,student1785@example.com,Computer Engineering,2027
C25007,Sample Student 1786,student1786@example.com,Information Technology,2027
C25008,Sample Student 1787,student1787@example.com,Computer Engineering,2027
C25009,Sample Student 1788,student1788@example.com,Information Technology,2027
C25010,Sample Student 1789,student1789@example.com,Computer Engineering,2027
C25011,Sample Student 1790,student1790@example.com,Information Technology,2027
C25012,Sample Student 1791,student1791@example.com,Computer Engineering,2027
C25013,Sample Student 1792,student1792@example.com,Information Technology,2027
C25014,Sample Student 1793,student1793@example.com,Computer Engineering,2027
C25015,Sample Student 1794,student1794@example.com,Information Technology,2027
C25016,Sample Student 1795,student1795@example.com,Computer Engineering,2027
C25017,Sample Student 1796,student1796@example.com,Information Technology,2027
C25018,Sample Student 1797,student1797@example.com,Computer Engineering,2027
C25019,Sample Student 1798,student1798@example.com,Information Technology,2027
C25020,Sample Student 1799,student1799@example.com,Computer Engineering,2027
C25021,Sample Student 1800,student1800@example.com,Information Technology,2027
C25022,Sample Student 1801,student1801@example.com,Computer Engineering,2027
C25023,Sample Student 1802,student1802@example.com,Information Technology,2027
C25024,Sample Student 1803,student1803@example.com,Computer Engineering,2027
C25025,Sample Student 1804,student1804@example.com,Information Technology,2027
C25026,Sample Student 1805,student1805@example.com,Computer Engineering,2027
C25027,Sample Student 1806,student1806@example.com,Information Technology,2027
C25028,Sample Student 1807,student1807@example.com,Computer Engineering,2027
C25029,Sample Student 1808,student1808@example.com,Information Technology,2027
C25030,Sample Student 1809,student1809@example.com,Computer Engineering,2027
C25031,Sample Student 1810,student1810@example.com,Information Technology,2027
C25032,Sample Student 1811,student1811@example.com,Computer Engineering,2027
C25033,Sample Student 1812,student1812@example.com,Information Technology,2027
C25034,Sample Student 1813,student1813@example.com,Computer Engineering,2027
C25035,Sample Student 1814,student1814@example.com,Information Technology,2027
C25036,Sample Student 1815,student1815@example.com,Computer Engineering,2027
C25037,Sample Student 1816,student1816@example.com,Information Technology,2027
C25038,Sample Student 1817,student1817@example.com,Computer Engineering,2027
C25039,Sample Student 1818,student1818@example.com,Information Technology,2027
C25040,Sample Student 1819,student1819@example.com,Computer Engineering,2027
C25041,Sample Student 1820,student1820@example.com,Information Technology,2027
C25042,Sample Student 1821,student1821@example.com,Computer Engineering,2027
C25043,Sample Student 1822,student1822@example.com,Information Technology,2027
C25044,Sample Student 1823,student1823@example.com,Computer Engineering,2027
C25045,Sample Student 1824,student1824@example.com,Information Technology,2027
C25046,Sample Student 1825,student1825@example.com,Computer Engineering,2027
C25047,Sample Student 1826,student1826@example.com,Information Technology,2027
C25048,Sample Student 1827,student1827@example.com,Computer Engineering,2027
C25049,Sample Student 1828,student1828@example.com,Information Technology,2027
C25050,Sample Student 1829,student1829@example.com,Computer Engineering,2027
C25051,Sample Student 1830,student1830@example.com,Information Technology,2027
C25052,Sample Student 1831,student1831@example.com,Computer Engineering,2027
C25053,Sample Student 1832,student1832@example.com,Information Technology,2027
C25054,Sample Student 1833,student1833@example.com,Computer Engineering,2027
C25055,Sample Student 1834,student1834@example.com,Information Technology,2027
C25056,Sample Student 1835,student1835@example.com,Computer Engineering,2027
C25057,Sample Student 1836,student1836@example.com,Information Technology,2027
C25058,Sample Student 1837,student1837@example.com,Computer Engineering,2027
C25059,Sample Student 1838,student1838@example.com,Information Technology,2027
C25060,Sample Student 1839,student1839@example.com,Computer Engineering,2027
C25061,Sample Student 1840,student1840@example.com,Information Technology,2027
C25062,Sample Student 1841,student1841@example.com,Computer Engineering,2027
C25063,Sample Student 1842,student1842@example.com,Information Technology,2027
C25064,Sample Student 1843,student1843@example.com,Computer Engineering,2027
C25065,Sample Student 1844,student1844@example.com,Information Technology,2027
C25066,Sample Student 1845,student1845@example.com,Computer Engineering,2027
C25067,Sample Student 1846,student1846@example.com,Information Technology,2027
C25068,Sample Student 1847,student1847@example.com,Computer Engineering,2027
C25069,Sample Student 1848,student1848@example.com,Information Technology,2027
C25070,Sample Student 1849,student1849@example.com,Computer Engineering,2027
C25071,Sample Student 1850,student1850@example.com,Information Technology,2027
C25072,Sample Student 1851,student1851@example.com,Computer Engineering,2027
C25073,Sample Student 1852,student1852@example.com,Information Technology,2027
C25074,Sample Student 1853,student1853@example.com,Computer Engineering,2027
C25075,Sample Student 1854,student1854@example.com,Information Technology,2027
C25076,Sample Student 1855,student1855@example.com,Computer Engineering,2027
C25077,Sample Student 1856,student1856@example.com,Information Technology,2027
C25078,Sample Student 1857,student1857@example.com,Computer Engineering,2027
C25079,Sample Student 1858,student1858@example.com,Information Technology,2027
C25080,Sample Student 1859,student1859@example.com,Computer Engineering,2027
C25081,Sample Student 1860,student1860@example.com,Information Technology,2027
C25082,Sample Student 1861,student1861@example.com,Computer Engineering,2027
C25083,Sample Student 1862,student1862@example.com,Information Technology,2027
C25084,Sample Student 1863,student1863@example.com,Computer Engineering,2027
C25085,Sample Student 1864,student1864@example.com,Information Technology,2027
C25086,Sample Student 1865,student1865@example.com,Computer Engineering,2027
C25087,Sample Student 1866,student1866@example.com,Information Technology,2027
C25088,Sample Student 1867,student1867@example.com,Computer Engineering,2027
C25089,Sample Student 1868,student1868@example.com,Information Technology,2027
C25090,Sample Student 1869,student1869@example.com,Computer Engineering,2027
C25091,Sample Student 1870,student1870@example.com,Information Technology,2027
C25092,Sample Student 1871,student1871@example.com,Computer Engineering,2027
C25093,Sample Student 1872,student1872@example.com,Information Technology,2027
C25094,Sample Student 1873,student1873@example.com,Computer Engineering,2027
C25095,Sample Student 1874,student1874@example.com,Information Technology,2027
C25096,Sample Student 1875,student1875@example.com,Computer Engineering,2027
C25097,Sample Student 1876,student1876@example.com,Information Technology,2027
C25098,Sample Student 1877,student1877@example.com,Computer Engineering,2027
C25099,Sample Student 1878,student1878@example.com,Information Technology,2027
C25100,Sample Student 1879,student1879@example.com,Computer Engineering,2027
C25101,Sample Student 1880,student1880@example.com,Information Technology,2027
C25102,Sample Student 1881,student1881@example.com,Computer Engineering,2027
C25103,Sample Student 1882,student1882@example.com,Information Technology,2027
C25104,Sample Student 1883,student1883@example.com,Computer Engineering,2027
C25105,Sample Student 1884,student1884@example.com,Information Technology,2027
C25106,Sample Student 1885,student1885@example.com,Computer Engineering,2027
C25107,Sample Student 1886,student1886@example.com,Information Technology,2027
C25108,Sample Student 1887,student1887@example.com,Computer Engineering,2027
C25109,Sample Student 1888,student1888@example.com,Information Technology,2027
C25110,Sample Student 1889,student1889@example.com,Computer Engineering,2027
C25111,Sample Student 1890,student1890@example.com,Information Technology,2027
C25112,Sample Student 1891,student1891@example.com,Computer Engineering,2027
C25113,Sample Student 1892,student1892@example.com,Information Technology,2027
C25114,Sample Student 1893,student1893@example.com,Computer Engineering,2027
C25115,Sample Student 1894,student1894@example.com,Information Technology,2027
C25116,Sample Student 1895,student1895@example.com,Computer Engineering,2027
C25117,Sample Student 1896,student1896@example.com,Information Technology,2027
C25118,Sample Student 1897,student1897@example.com,Computer Engineering,2027
C25119,Sample Student 1898,student1898@example.com,Information Technology,2027
C25120,Sample Student 1899,student1899@example.com,Computer Engineering,2027
C25121,Sample Student 1900,student1900@example.com,Information Technology,2027
C25122,Sample Student 1901,student1901@example.com,Computer Engineering,2027
C25123,Sample Student 1902,student1902@example.com,Information Technology,2027
C25124,Sample Student 1903,student1903@example.com,Computer Engineering,2027
C25125,Sample Student 1904,student1904@example.com,Information Technology,2027
C25126,Sample Student 1905,student1905@example.com,Computer Engineering,2027
C25127,Sample Student 1906,student1906@example.com,Information Technology,2027
C25128,Sample Student 1907,student1907@example.com,Computer Engineering,2027
C25129,Sample Student 1908,student1908@example.com,Information Technology,2027
C25130,Sample Student 1909,student1909@example.com,Computer Engineering,2027
C25131,Sample Student 1910,student1910@example.com,Information Technology,2027
C25132,Sample Student 1911,student1911@example.com,Computer Engineering,2027
C25133,Sample Student 1912,student1912@example.com,Information Technology,2027
C25134,Sample Student 1913,student1913@example.com,Computer Engineering,2027
C25135,Sample Student 1914,student1914@example.com,Information Technology,2027
C25136,Sample Student 1915,student1915@example.com,Computer Engineering,2027
C25137,Sample Student 1916,student1916@example.com,Information Technology,2027
C25138,Sample Student 1917,student1917@example.com,Computer Engineering,2027
C25139,Sample Student 1918,student1918@example.com,Information Technology,2027
C25140,Sample Student 1919,student1919@example.com,Computer Engineering,2027
C25141,Sample Student 1920,student1920@example.com,Information Technology,2027
C25142,Sample Student 1921,student1921@example.com,Computer Engineering,2027
C25143,Sample Student 1922,student1922@example.com,Information Technology,2027
C25144,Sample Student 1923,student1923@example.com,Computer Engineering,2027
C25145,Sample Student 1924,student1924@example.com,Information Technology,2027
C25146,Sample Student 1925,student1925@example.com,Computer Engineering,2027
C25147,Sample Student 1926,student1926@example.com,Information Technology,2027
C25148,Sample Student 1927,student1927@example.com,Computer Engineering,2027
C25149,Sample Student 1928,student1928@example.com,Information Technology,2027
C25150,Sample Student 1929,student1929@example.com,Computer Engineering,2027
C25151,Sample Student 1930,student1930@example.com,Information Technology,2027
C25152,Sample Student 1931,student1931@example.com,Computer Engineering,2027
C25153,Sample Student 1932,student1932@example.com,Information Technology,2027
C25154,Sample Student 1933,student1933@example.com,Computer Engineering,2027
C25155,Sample Student 1934,student1934@example.com,Information Technology,2027
C25156,Sample Student 1935,student1935@example.com,Computer Engineering,2027
C25157,Sample Student 1936,student1936@example.com,Information Technology,2027
C25158,Sample Student 1937,student1937@example.com,Computer Engineering,2027
C25159,Sample Student 1938,student1938@example.com,Information Technology,2027
C25160,Sample Student 1939,student1939@example.com,Computer Engineering,2027
C25161,Sample Student 1940,student1940@example.com,Information Technology,2027
C25162,Sample Student 1941,student1941@example.com,Computer Engineering,2027
C25163,Sample Student 1942,student1942@example.com,Information Technology,2027
C25164,Sample Student 1943,student1943@example.com,Computer Engineering,2027
C25165,Sample Student 1944,student1944@example.com,Information Technology,2027
C25166,Sample Student 1945,student1945@example.com,Computer Engineering,2027
C25167,Sample Student 1946,student1946@example.com,Information Technology,2027
C25168,Sample Student 1947,student1947@example.com,Computer Engineering,2027
C25169,Sample Student 1948,student1948@example.com,Information Technology,2027
C25170,Sample Student 1949,student1949@example.com,Computer Engineering,2027
C25171,Sample Student 1950,student1950@example.com,Information Technology,2027
C25172,Sample Student 1951,student1951@example.com,Computer Engineering,2027
C25173,Sample Student 1952,student1952@example.com,Information Technology,2027
C25174,Sample Student 1953,student1953@example.com,Computer Engineering,2027
C25175,Sample Student 1954,student1954@example.com,Information Technology,2027
C25176,Sample Student 1955,student1955@example.com,Computer Engineering,2027
C25177,Sample Student 1956,student1956@example.com,Information Technology,2027
C25178,Sample Student 1957,student1957@example.com,Computer Engineering,2027
C25179,Sample Student 1958,student1958@example.com,Information Technology,2027
C25180,Sample Student 1959,student1959@example.com,Computer Engineering,2027
C25181,Sample Student 1960,student1960@example.com,Information Technology,2027
C25182,Sample Student 1961,student1961@example.com,Computer Engineering,2027
C25183,Sample Student 1962,student1962@example.com,Information Technology,2027
C25184,Sample Student 1963,student1963@example.com,Computer Engineering,2027
C25185,Sample Student 1964,student1964@example.com,Information Technology,2027
C25186,Sample Student 1965,student1965@example.com,Computer Engineering,2027
C25187,Sample Student 1966,student1966@example.com,Information Technology,2027
C25188,Sample Student 1967,student1967@example.com,Computer Engineering,2027
C25189,Sample Student 1968,student1968@example.com,Information Technology,2027
C25190,Sample Student 1969,student1969@example.com,Computer Engineering,2027
C25191,Sample Student 1970,student1970@example.com,Information Technology,2027
C25192,Sample Student 1971,student1971@example.com,Computer Engineering,2027
C25193,Sample Student 1972,student1972@example.com,Information Technology,2027
C25194,Sample Student 1973,student1973@example.com,Computer Engineering,2027
C25195,Sample Student 1974,student1974@example.com,Information Technology,2027
C25196,Sample Student 1975,student1975@example.com,Computer Engineering,2027
C25197,Sample Student 1976,student1976@example.com,Information Technology,2027
C25198,Sample Student 1977,student1977@example.com,Computer Engineering,2027
C25199,Sample Student 1978,student1978@example.com,Information Technology,2027
C25200,Sample Student 1979,student1979@example.com,Computer Engineering,2027
C25201,Sample Student 1980,student1980@example.com,Information Technology,2027
C25202,Sample Student 1981,student1981@example.com,Computer Engineering,2027
C25203,Sample Student 1982,student1982@example.com,Information Technology,2027
C25204,Sample Student 1983,student1983@example.com,Computer Engineering,2027
C25205,Sample Student 1984,student1984@example.com,Information Technology,2027
C25206,Sample Student 1985,student1985@example.com,Computer Engineering,2027
C25207,Sample Student 1986,student1986@example.com,Information Technology,2027
C25208,Sample Student 1987,student1987@example.com,Computer Engineering,2027
C25209,Sample Student 1988,student1988@example.com,Information Technology,2027
C25210,Sample Student 1989,student1989@example.com,Computer Engineering,2027
C25211,Sample Student 1990,student1990@example.com,Information Technology,2027
C25212,Sample Student 1991,student1991@example.com,Computer Engineering,2027
C25213,Sample Student 1992,student1992@example.com,Information Technology,2027
C25214,Sample Student 1993,student1993@example.com,Computer Engineering,2027
C25215,Sample Student 1994,student1994@example.com,Information Technology,2027
C25216,Sample Student 1995,student1995@example.com,Computer Engineering,2027
C25217,Sample Student 1996,student1996@example.com,Information Technology,2027
C25218,Sample Student 1997,student1997@example.com,Computer Engineering,2027
C25219,Sample Student 1998,student1998@example.com,Information Technology,2027
C25220,Sample Student 1999,student1999@example.com,Computer Engineering,2027
C25221,Sample Student 2000,student2000@example.com,Information Technology,2027
C25222,Sample Student 2001,student2001@example.com,Computer Engineering,2027
C25223,Sample Student 2002,student2002@example.com,Information Technology,2027
C25224,Sample Student 2003,student2003@example.com,Computer Engineering,2027
C25225,Sample Student 2004,student2004@example.com,Information Technology,2027
C25226,Sample Student 2005,student2005@example.com,Computer Engineering,2027
C25227,Sample Student 2006,student2006@example.com,Information Technology,2027
C25228,Sample Student 2007,student2007@example.com,Computer Engineering,2027
C25229,Sample Student 2008,student2008@example.com,Information Technology,2027
C25230,Sample Student 2009,student2009@example.com,Computer Engineering,2027
C25231,Sample Student 2010,student2010@example.com,Information Technology,2027
C25232,Sample Student 2011,student2011@example.com,Computer Engineering,2027
C25233,Sample Student 2012,student2012@example.com,Information Technology,2027
C25234,Sample Student 2013,student2013@example.com,Computer Engineering,2027
C25235,Sample Student 2014,student2014@example.com,Information Technology,2027
C25236,Sample Student 2015,student2015@example.com,Computer Engineering,2027
C25237,Sample Student 2016,student2016@example.com,Information Technology,2027
C25238,Sample Student 2017,student2017@example.com,Computer Engineering,2027
C25239,Sample Student 2018,student2018@example.com,Information Technology,2027
C25240,Sample Student 2019,student2019@example.com,Computer Engineering,2027
C25241,Sample Student 2020,student2020@example.com,Information Technology,2027
C25242,Sample Student 2021,student2021@example.com,Computer Engineering,2027
C25243,Sample Student 2022,student2022@example.com,Information Technology,2027
C25244,Sample Student 2023,student2023@example.com,Computer Engineering,2027
C25245,Sample Student 2024,student2024@example.com,Information Technology,2027
C25246,Sample Student 2025,student2025@example.com,Computer Engineering,2027
C25247,Sample Student 2026,student2026@example.com,Information Technology,2027
C25248,Sample Student 2027,student2027@example.com,Computer Engineering,2027
C25249,Sample Student 2028,student2028@example.com,Information Technology,2027
C25250,Sample Student 2029,student2029@example.com,Computer Engineering,2027
C25251,Sample Student 2030,student2030@example.com,Information Technology,2027
C25252,Sample Student 2031,student2031@example.com,Computer Engineering,2027
C25253,Sample Student 2032,student2032@example.com,Information Technology,2027
C25254,Sample Student 2033,student2033@example.com,Computer Engineering,2027
C25255,Sample Student 2034,student2034@example.com,Information Technology,2027
C25256,Sample Student 2035,student2035@example.com,Computer Engineering,2027
C25257,Sample Student 2036,student2036@example.com,Information Technology,2027
C25258,Sample Student 2037,student2037@example.com,Computer Engineering,2027
C25259,Sample Student 2038,student2038@example.com,Information Technology,2027
C25260,Sample Student 2039,student2039@example.com,Computer Engineering,2027
C25261,Sample Student 2040,student2040@example.com,Information Technology,2027
C25262,Sample Student 2041,student2041@example.com,Computer Engineering,2027
C25263,Sample Student 2042,student2042@example.com,Information Technology,2027
C25264,Sample Student 2043,student2043@example.com,Computer Engineering,2027
C25265,Sample Student 2044,student2044@example.com,Information Technology,2027
C25266,Sample Student 2045,student2045@example.com,Computer Engineering,2027
C25267,Sample Student 2046,student2046@example.com,Information Technology,2027
C25268,Sample Student 2047,student2047@example.com,Computer Engineering,2027
C25269,Sample Student 2048,student2048@example.com,Information Technology,2027
C25270,Sample Student 2049,student2049@example.com,Computer Engineering,2027
C25271,Sample Student 2050,student2050@example.com,Information Technology,2027
C25272,Sample Student 2051,student2051@example.com,Computer Engineering,2027
C25273,Sample Student 2052,student2052@example.com,Information Technology,2027
C25274,Sample Student 2053,student2053@example.com,Computer Engineering,2027
C25275,Sample Student 2054,student2054@example.com,Information Technology,2027
C25276,Sample Student 2055,student2055@example.com,Computer Engineering,2027
C25277,Sample Student 2056,student2056@example.com,Information Technology,2027
C25278,Sample Student 2057,student2057@example.com,Computer Engineering,2027
C25279,Sample Student 2058,student2058@example.com,Information Technology,2027
C25280,Sample Student 2059,student2059@example.com,Computer Engineering,2027
C25281,Sample Student 2060,student2060@example.com,Information Technology,2027
C25282,Sample Student 2061,student2061@example.com,Computer Engineering,2027
C25283,Sample Student 2062,student2062@example.com,Information Technology,2027
C25284,Sample Student 2063,student2063@example.com,Computer Engineering,2027
C25285,Sample Student 2064,student2064@example.com,Information Technology,2027
C25286,Sample Student 2065,student2065@example.com,Computer Engineering,2027
C25287,Sample Student 2066,student2066@example.com,Information Technology,2027
C25288,Sample Student 2067,student2067@example.com,Computer Engineering,2027
C25289,Sample Student 2068,student2068@example.com,Information Technology,2027
C25290,Sample Student 2069,student2069@example.com,Computer Engineering,2027
C25291,Sample Student 2070,student2070@example.com,Information Technology,2027
C25292,Sample Student 2071,student2071@example.com,Computer Engineering,2027
C25293,Sample Student 2072,student2072@example.com,Information Technology,2027
C25294,Sample Student 2073,student2073@example.com,Computer Engineering,2027
C25295,Sample Student 2074,student2074@example.com,Information Technology,2027
C25296,Sample Student 2075,student2075@example.com,Computer Engineering,2027
C25297,Sample Student 2076,student2076@example.com,Information Technology,2027
C25298,Sample Student 2077,student2077@example.com,Computer Engineering,2027
C25299,Sample Student 2078,student2078@example.com,Information Technology,2027
C25300,Sample Student 2079,student2079@example.com,Computer Engineering,2027
C25301,Sample Student 2080,student2080@example.com,Information Technology,2027
C25302,Sample Student 2081,student2081@example.com,Computer Engineering,2027
C25303,Sample Student 2082,student2082@example.com,Information Technology,2027
C25304,Sample Student 2083,student2083@example.com,Computer Engineering,2027
C25305,Sample Student 2084,student2084@example.com,Information Technology,2027
C25306,Sample Student 2085,student2085@example.com,Computer Engineering,2027
C25307,Sample Student 2086,student2086@example.com,Information Technology,2027
C25308,Sample Student 2087,student2087@example.com,Computer Engineering,2027
C25309,Sample Student 2088,student2088@example.com,Information Technology,2027
C25310,Sample Student 2089,student2089@example.com,Computer Engineering,2027
C25311,Sample Student 2090,student2090@example.com,Information Technology,2027
C25312,Sample Student 2091,student2091@example.com,Computer Engineering,2027
C25313,Sample Student 2092,student2092@example.com,Information Technology,2027
C25314,Sample Student 2093,student2093@example.com,Computer Engineering,2027
C25315,Sample Student 2094,student2094@example.com,Information Technology,2027
C25316,Sample Student 2095,student2095@example.com,Computer Engineering,2027
C25317,Sample Student 2096,student2096@example.com,Information Technology,2027
C25318,Sample Student 2097,student2097@example.com,Computer Engineering,2027
C25319,Sample Student 2098,student2098@example.com,Information Technology,2027
C25320,Sample Student 2099,student2099@example.com,Computer Engineering,2027
C25321,Sample Student 2100,student2100@example.com,Information Technology,2027
C25322,Sample Student 2101,student2101@example.com,Computer Engineering,2027
C25323,Sample Student 2102,student2102@example.com,Information Technology,2027
C25324,Sample Student 2103,student2103@example.com,Computer Engineering,2027
C25325,Sample Student 2104,student2104@example.com,Information Technology,2027
C25326,Sample Student 2105,student2105@example.com,Computer Engineering,2027
C25327,Sample Student 2106,student2106@example.com,Information Technology,2027
C25328,Sample Student 2107,student2107@example.com,Computer Engineering,2027
C25329,Sample Student 2108,student2108@example.com,Information Technology,2027
C25330,Sample Student 2109,student2109@example.com,Computer Engineering,2027
C25331,Sample Student 2110,student2110@example.com,Information Technology,2027
C25332,Sample Student 2111,student2111@example.com,Computer Engineering,2027
C25333,Sample Student 2112,student2112@example.com,Information Technology,2027
C25334,Sample Student 2113,student2113@example.com,Computer Engineering,2027
C25335,Sample Student 2114,student2114@example.com,Information Technology,2027
C25336,Sample Student 2115,student2115@example.com,Computer Engineering,2027
C25337,Sample Student 2116,student2116@example.com,Information Technology,2027
C25338,Sample Student 2117,student2117@example.com,Computer Engineering,2027
C25339,Sample Student 2118,student2118@example.com,Information Technology,2027
C25340,Sample Student 2119,student2119@example.com,Computer Engineering,2027
C25341,Sample Student 2120,student2120@example.com,Information Technology,2027
C25342,Sample Student 2121,student2121@example.com,Computer Engineering,2027
C25343,Sample Student 2122,student2122@example.com,Information Technology,2027
C25344,Sample Student 2123,student2123@example.com,Computer Engineering,2027
C25345,Sample Student 2124,student2124@example.com,Information Technology,2027
C25346,Sample Student 2125,student2125@example.com,Computer Engineering,2027
C25347,Sample Student 2126,student2126@example.com,Information Technology,2027
C25348,Sample Student 2127,student2127@example.com,Computer Engineering,2027
C25349,Sample Student 2128,student2128@example.com,Information Technology,2027
C25350,Sample Student 2129,student2129@example.com,Computer Engineering,2027
C25351,Sample Student 2130,student2130@example.com,Information Technology,2027
C25352,Sample Student 2131,student2131@example.com,Computer Engineering,2027
C25353,Sample Student 2132,student2132@example.com,Information Technology,2027
C25354,Sample Student 2133,student2133@example.com,Computer Engineering,2027
C25355,Sample Student 2134,student2134@example.com,Information Technology,2027
C25356,Sample Student 2135,student2135@example.com,Computer Engineering,2027
C25357,Sample Student 2136,student2136@example.com,Information Technology,2027
C25358,Sample Student 2137,student2137@example.com,Computer Engineering,2027
C25359,Sample Student 2138,student2138@example.com,Information Technology,2027
C25360,Sample Student 2139,student2139@example.com,Computer Engineering,2027
C25361,Sample Student 2140,student2140@example.com,Information Technology,2027
C25362,Sample Student 2141,student2141@example.com,Computer Engineering,2027
C25363,Sample Student 2142,student2142@example.com,Information Technology,2027
C25364,Sample Student 2143,student2143@example.com,Computer Engineering,2027
C25365,Sample Student 2144,student2144@example.com,Information Technology,2027
C25366,Sample Student 2145,student2145@example.com,Computer Engineering,2027
C25367,Sample Student 2146,student2146@example.com,Information Technology,2027
C25368,Sample Student 2147,student2147@example.com,Computer Engineering,2027
C25369,Sample Student 2148,student2148@example.com,Information Technology,2027
C25370,Sample Student 2149,student2149@example.com,Computer Engineering,2027
C25371,Sample Student 2150,student2150@example.com,Information Technology,2027
C25372,Sample Student 2151,student2151@example.com,Computer Engineering,2027
C25373,Sample Student 2152,student2152@example.com,Information Technology,2027
C25374,Sample Student 2153,student2153@example.com,Computer Engineering,2027
C25375,Sample Student 2154,student2154@example.com,Information Technology,2027
C25376,Sample Student 2155,student2155@example.com,Computer Engineering,2027
C25377,Sample Student 2156,student2156@example.com,Information Technology,2027
C25378,Sample Student 2157,student2157@example.com,Computer Engineering,2027
C25379,Sample Student 2158,student2158@example.com,Information Technology,2027
C25380,Sample Student 2159,student2159@example.com,Computer Engineering,2027
C25381,Sample Student 2160,student2160@example.com,Information Technology,2027
C25382,Sample Student 2161,student2161@example.com,Computer Engineering,2027
C25383,Sample Student 2162,student2162@example.com,Information Technology,2027
C25384,Sample Student 2163,student2163@example.com,Computer Engineering,2027
C25385,Sample Student 2164,student2164@example.com,Information Technology,2027
C25386,Sample Student 2165,student2165@example.com,Computer Engineering,2027
C25387,Sample Student 2166,student2166@example.com,Information Technology,2027
C25388,Sample Student 2167,student2167@example.com,Computer Engineering,2027
C25389,Sample Student 2168,student2168@example.com,Information Technology,2027
C25390,Sample Student 2169,student2169@example.com,Computer Engineering,2027
C25391,Sample Student 2170,student2170@example.com,Information Technology,2027
C25392,Sample Student 2171,student2171@example.com,Computer Engineering,2027
C25393,Sample Student 2172,student2172@example.com,Information Technology,2027
C25394,Sample Student 2173,student2173@example.com,Computer Engineering,2027
C25395,Sample Student 2174,student2174@example.com,Information Technology,2027
C25396,Sample Student 2175,student2175@example.com,Computer Engineering,2027
C25397,Sample Student 2176,student2176@example.com,Information Technology,2027
C25398,Sample Student 2177,student2177@example.com,Computer Engineering,2027
C25399,Sample Student 2178,student2178@example.com,Information Technology,2027
C25400,Sample Student 2179,student2179@example.com,Computer Engineering,2027
C25401,Sample Student 2180,student2180@example.com,Information Technology,2027
C25402,Sample Student 2181,student2181@example.com,Computer Engineering,2027
C25403,Sample Student 2182,student2182@example.com,Information Technology,2027
C25404,Sample Student 2183,student2183@example.com,Computer Engineering,2027
C25405,Sample Student 2184,student2184@example.com,Information Technology,2027
C25406,Sample Student 2185,student2185@example.com,Computer Engineering,2027
C25407,Sample Student 2186,student2186@example.com,Information Technology,2027
C25408,Sample Student 2187,student2187@example.com,Computer Engineering,2027
C25409,Sample Student 2188,student2188@example.com,Information Technology,2027
C25410,Sample Student 2189,student2189@example.com,Computer Engineering,2027
C25411,Sample Student 2190,student2190@example.com,Information Technology,2027
C25412,Sample Student 2191,student2191@example.com,Computer Engineering,2027
C25413,Sample Student 2192,student2192@example.com,Information Technology,2027
C25414,Sample Student 2193,student2193@example.com,Computer Engineering,2027
C25415,Sample Student 2194,student2194@example.com,Information Technology,2027
C25416,Sample Student 2195,student2195@example.com,Computer Engineering,2027
C25417,Sample Student 2196,student2196@example.com,Information Technology,2027
C25418,Sample Student 2197,student2197@example.com,Computer Engineering,2027
C25419,Sample Student 2198,student2198@example.com,Information Technology,2027
C25420,Sample Student 2199,student2199@example.com,Computer Engineering,2027
C25421,Sample Student 2200,student2200@example.com,Information Technology,2027
C25422,Sample Student 2201,student2201@example.com,Computer Engineering,2027
C25423,Sample Student 2202,student2202@example.com,Information Technology,2027
C25424,Sample Student 2203,student2203@example.com,Computer Engineering,2027
C25425,Sample Student 2204,student2204@example.com,Information Technology,2027
C25426,Sample Student 2205,student2205@example.com,Computer Engineering,2027
C25427,Sample Student 2206,student2206@example.com,Information Technology,2027
C25428,Sample Student 2207,student2207@example.com,Computer Engineering,2027
C25429,Sample Student 2208,student2208@example.com,Information Technology,2027
C25430,Sample Student 2209,student2209@example.com,Computer Engineering,2027
C25431,Sample Student 2210,student2210@example.com,Information Technology,2027
C25432,Sample Student 2211,student2211@example.com,Computer Engineering,2027
C25433,Sample Student 2212,student2212@example.com,Information Technology,2027
C25434,Sample Student 2213,student2213@example.com,Computer Engineering,2027
C25435,Sample Student 2214,student2214@example.com,Information Technology,2027
C25436,Sample Student 2215,student2215@example.com,Computer Engineering,2027
C25437,Sample Student 2216,student2216@example.com,Information Technology,2027
C25438,Sample Student 2217,student2217@example.com,Computer Engineering,2027
C25439,Sample Student 2218,student2218@example.com,Information Technology,2027
C25440,Sample Student 2219,student2219@example.com,Computer Engineering,2027
C25441,Sample Student 2220,student2220@example.com,Information Technology,2027
C25442,Sample Student 2221,student2221@example.com,Computer Engineering,2027
C25443,Sample Student 2222,student2222@example.com,Information Technology,2027
C25444,Sample Student 2223,student2223@example.com,Computer Engineering,2027
C25445,Sample Student 2224,student2224@example.com,Information Technology,2027
C25446,Sample Student 2225,student2225@example.com,Computer Engineering,2027
C25447,Sample Student 2226,student2226@example.com,Information Technology,2027
C25448,Sample Student 2227,student2227@example.com,Computer Engineering,2027
C25449,Sample Student 2228,student2228@example.com,Information Technology,2027
C25450,Sample Student 2229,student2229@example.com,Computer Engineering,2027
C25451,Sample Student 2230,student2230@example.com,Information Technology,2027
C25452,Sample Student 2231,student2231@example.com,Computer Engineering,2027
C25453,Sample Student 2232,student2232@example.com,Information Technology,2027
C25454,Sample Student 2233,student2233@example.com,Computer Engineering,2027
C25455,Sample Student 2234,student2234@example.com,Information Technology,2027
C25456,Sample Student 2235,student2235@example.com,Computer Engineering,2027
C25457,Sample Student 2236,student2236@example.com,Information Technology,2027
C25458,Sample Student 2237,student2237@example.com,Computer Engineering,2027
C25459,Sample Student 2238,student2238@example.com,Information Technology,2027
C25460,Sample Student 2239,student2239@example.com,Computer Engineering,2027
C25461,Sample Student 2240,student2240@example.com,Information Technology,2027
C25462,Sample Student 2241,student2241@example.com,Computer Engineering,2027
C25463,Sample Student 2242,student2242@example.com,Information Technology,2027
C25464,Sample Student 2243,student2243@example.com,Computer Engineering,2027
C25465,Sample Student 2244,student2244@example.com,Information Technology,2027
C25466,Sample Student 2245,student2245@example.com,Computer Engineering,2027
C25467,Sample Student 2246,student2246@example.com,Information Technology,2027
C25468,Sample Student 2247,student2247@example.com,Computer Engineering,2027
C25469,Sample Student 2248,student2248@example.com,Information Technology,2027
C25470,Sample Student 2249,student2249@example.com,Computer Engineering,2027
C25471,Sample Student 2250,student2250@example.com,Information Technology,2027
C25472,Sample Student 2251,student2251@example.com,Computer Engineering,2027
C25473,Sample Student 2252,student2252@example.com,Information Technology,2027
C25474,Sample Student 2253,student2253@example.com,Computer Engineering,2027
C25475,Sample Student 2254,student2254@example.com,Information Technology,2027
C25476,Sample Student 2255,student2255@example.com,Computer Engineering,2027
C25477,Sample Student 2256,student2256@example.com,Information Technology,2027
C25478,Sample Student 2257,student2257@example.com,Computer Engineering,2027
C25479,Sample Student 2258,student2258@example.com,Information Technology,2027
C25480,Sample Student 2259,student2259@example.com,Computer Engineering,2027
C25481,Sample Student 2260,student2260@example.com,Information Technology,2027
C25482,Sample Student 2261,student2261@example.com,Computer Engineering,2027
C25483,Sample Student 2262,student2262@example.com,Information Technology,2027
C25484,Sample Student 2263,student2263@example.com,Computer Engineering,2027
C25485,Sample Student 2264,student2264@example.com,Information Technology,2027
C25486,Sample Student 2265,student2265@example.com,Computer Engineering,2027
C25487,Sample Student 2266,student2266@example.com,Information Technology,2027
C25488,Sample Student 2267,student2267@example.com,Computer Engineering,2027
C25489,Sample Student 2268,student2268@example.com,Information Technology,2027
C25490,Sample Student 2269,student2269@example.com,Computer Engineering,2027
C25491,Sample Student 2270,student2270@example.com,Information Technology,2027
C25492,Sample Student 2271,student2271@example.com,Computer Engineering,2027
C25493,Sample Student 2272,student2272@example.com,Information Technology,2027
C25494,Sample Student 2273,student2273@example.com,Computer Engineering,2027
C25495,Sample Student 2274,student2274@example.com,Information Technology,2027
C25496,Sample Student 2275,student2275@example.com,Computer Engineering,2027
C25497,Sample Student 2276,student2276@example.com,Information Technology,2027
C25498,Sample Student 2277,student2277@example.com,Computer Engineering,2027
C25499,Sample Student 2278,student2278@example.com,Information Technology,2027
C25500,Sample Student 2279,student2279@example.com,Computer Engineering,2027
C25501,Sample Student 2280,student2280@example.com,Information Technology,2027
C25502,Sample Student 2281,student2281@example.com,Computer Engineering,2027
C25503,Sample Student 2282,student2282@example.com,Information Technology,2027
C25504,Sample Student 2283,student2283@example.com,Computer Engineering,2027
C25505,Sample Student 2284,student2284@example.com,Information Technology,2027
C25506,Sample Student 2285,student2285@example.com,Computer Engineering,2027
C25507,Sample Student 2286,student2286@example.com,Information Technology,2027
C25508,Sample Student 2287,student2287@example.com,Computer Engineering,2027
C25509,Sample Student 2288,student2288@example.com,Information Technology,2027
C25510,Sample Student 2289,student2289@example.com,Computer Engineering,2027
C25511,Sample Student 2290,student2290@example.com,Information Technology,2027
C25512,Sample Student 2291,student2291@example.com,Computer Engineering,2027
C25513,Sample Student 2292,student2292@example.com,Information Technology,2027
C25514,Sample Student 2293,student2293@example.com,Computer Engineering,2027
C25515,Sample Student 2294,student2294@example.com,Information Technology,2027
C25516,Sample Student 2295,student2295@example.com,Computer Engineering,2027
C25517,Sample Student 2296,student2296@example.com,Information Technology,2027
C25518,Sample Student 2297,student2297@example.com,Computer Engineering,2027
C25519,Sample Student 2298,student2298@example.com,Information Technology,2027
C25520,Sample Student 2299,student2299@example.com,Computer Engineering,2027
C25521,Sample Student 2300,student2300@example.com,Information Technology,2027
C25522,Sample Student 2301,student2301@example.com,Computer Engineering,2027
C25523,Sample Student 2302,student2302@example.com,Information Technology,2027
C25524,Sample Student 2303,student2303@example.com,Computer Engineering,2027
C25525,Sample Student 2304,student2304@example.com,Information Technology,2027
C25526,Sample Student 2305,student2305@example.com,Computer Engineering,2027
C25527,Sample Student 2306,student2306@example.com,Information Technology,2027
C25528,Sample Student 2307,student2307@example.com,Computer Engineering,2027
C25529,Sample Student 2308,student2308@example.com,Information Technology,2027
C25530,Sample Student 2309,student2309@example.com,Computer Engineering,2027
C25531,Sample Student 2310,student2310@example.com,Information Technology,2027
C25532,Sample Student 2311,student2311@example.com,Computer Engineering,2027
C25533,Sample Student 2312,student2312@example.com,Information Technology,2027
C25534,Sample Student 2313,student2313@example.com,Computer Engineering,2027
C25535,Sample Student 2314,student2314@example.com,Information Technology,2027
C25536,Sample Student 2315,student2315@example.com,Computer Engineering,2027
C25537,Sample Student 2316,student2316@example.com,Information Technology,2027
C25538,Sample Student 2317,student2317@example.com,Computer Engineering,2027
C25539,Sample Student 2318,student2318@example.com,Information Technology,2027
C25540,Sample Student 2319,student2319@example.com,Computer Engineering,2027
C25541,Sample Student 2320,student2320@example.com,Information Technology,2027
C25542,Sample Student 2321,student2321@example.com,Computer Engineering,2027
C25543,Sample Student 2322,student2322@example.com,Information Technology,2027
C25544,Sample Student 2323,student2323@example.com,Computer Engineering,2027
C25545,Sample Student 2324,student2324@example.com,Information Technology,2027
C25546,Sample Student 2325,student2325@example.com,Computer Engineering,2027
C25547,Sample Student 2326,student2326@example.com,Information Technology,2027
C25548,Sample Student 2327,student2327@example.com,Computer Engineering,2027
C25549,Sample Student 2328,student2328@example.com,Information Technology,2027
C25550,Sample Student 2329,student2329@example.com,Computer Engineering,2027
C25551,Sample Student 2330,student2330@example.com,Information Technology,2027
C25552,Sample Student 2331,student2331@example.com,Computer Engineering,2027
C25553,Sample Student 2332,student2332@example.com,Information Technology,2027
C25554,Sample Student 2333,student2333@example.com,Computer Engineering,2027
C25555,Sample Student 2334,student2334@example.com,Information Technology,2027
C25556,Sample Student 2335,student2335@example.com,Computer Engineering,2027
C25557,Sample Student 2336,student2336@example.com,Information Technology,2027
C25558,Sample Student 2337,student2337@example.com,Computer Engineering,2027
C25559,Sample Student 2338,student2338@example.com,Information Technology,2027
C25560,Sample Student 2339,student2339@example.com,Computer Engineering,2027
C25561,Sample Student 2340,student2340@example.com,Information Technology,2027
C25562,Sample Student 2341,student2341@example.com,Computer Engineering,2027
C25563,Sample Student 2342,student2342@example.com,Information Technology,2027
C25564,Sample Student 2343,student2343@example.com,Computer Engineering,2027
C25565,Sample Student 2344,student2344@example.com,Information Technology,2027
C25566,Sample Student 2345,student2345@example.com,Computer Engineering,2027
C25567,Sample Student 2346,student2346@example.com,Information Technology,2027
C25568,Sample Student 2347,student2347@example.com,Computer Engineering,2027
C25569,Sample Student 2348,student2348@example.com,Information Technology,2027
C25570,Sample Student 2349,student2349@example.com,Computer Engineering,2027
C25571,Sample Student 2350,student2350@example.com,Information Technology,2027
C25572,Sample Student 2351,student2351@example.com,Computer Engineering,2027
C25573,Sample Student 2352,student2352@example.com,Information Technology,2027
C25574,Sample Student 2353,student2353@example.com,Computer Engineering,2027
C25575,Sample Student 2354,student2354@example.com,Information Technology,2027
C25576,Sample Student 2355,student2355@example.com,Computer Engineering,2027
C25577,Sample Student 2356,student2356@example.com,Information Technology,2027
C25578,Sample Student 2357,student2357@example.com,Computer Engineering,2027
C25579,Sample Student 2358,student2358@example.com,Information Technology,2027
C25580,Sample Student 2359,student2359@example.com,Computer Engineering,2027
C25581,Sample Student 2360,student2360@example.com,Information Technology,2027
C25582,Sample Student 2361,student2361@example.com,Computer Engineering,2027
C25583,Sample Student 2362,student2362@example.com,Information Technology,2027
C25584,Sample Student 2363,student2363@example.com,Computer Engineering,2027
C25585,Sample Student 2364,student2364@example.com,Information Technology,2027
C25586,Sample Student 2365,student2365@example.com,Computer Engineering,2027
C25587,Sample Student 2366,student2366@example.com,Information Technology,2027
C25588,Sample Student 2367,student2367@example.com,Computer Engineering,2027
C25589,Sample Student 2368,student2368@example.com,Information Technology,2027
C25590,Sample Student 2369,student2369@example.com,Computer Engineering,2027
C25591,Sample Student 2370,student2370@example.com,Information Technology,2027
C25592,Sample Student 2371,student2371@example.com,Computer Engineering,2027
C25593,Sample Student 2372,student2372@example.com,Information Technology,2027
C25594,Sample Student 2373,student2373@example.com,Computer Engineering,2027
C25595,Sample Student 2374,student2374@example.com,Information Technology,2027
C25596,Sample Student 2375,student2375@example.com,Computer Engineering,2027
C25597,Sample Student 2376,student2376@example.com,Information Technology,2027
C25598,Sample Student 2377,student2377@example.com,Computer Engineering,2027
C25599,Sample Student 2378,student2378@example.com,Information Technology,2027
C25600,Sample Student 2379,student2379@example.com,Computer Engineering,2027
C25601,Sample Student 2380,student2380@example.com,Information Technology,2027
C25602,Sample Student 2381,student2381@example.com,Computer Engineering,2027
C25603,Sample Student 2382,student2382@example.com,Information Technology,2027
C25604,Sample Student 2383,student2383@example.com,Computer Engineering,2027
C25605,Sample Student 2384,student2384@example.com,Information Technology,2027
C25606,Sample Student 2385,student2385@example.com,Computer Engineering,2027
C25607,Sample Student 2386,student2386@example.com,Information Technology,2027
C25608,Sample Student 2387,student2387@example.com,Computer Engineering,2027
C25609,Sample Student 2388,student2388@example.com,Information Technology,2027
C25610,Sample Student 2389,student2389@example.com,Computer Engineering,2027
C25611,Sample Student 2390,student2390@example.com,Information Technology,2027
C25612,Sample Student 2391,student2391@example.com,Computer Engineering,2027
C25613,Sample Student 2392,student2392@example.com,Information Technology,2027
C25614,Sample Student 2393,student2393@example.com,Computer Engineering,2027
C25615,Sample Student 2394,student2394@example.com,Information Technology,2027
C25616,Sample Student 2395,student2395@example.com,Computer Engineering,2027
C25617,Sample Student 2396,student2396@example.com,Information Technology,2027
C25618,Sample Student 2397,student2397@example.com,Computer Engineering,2027
C25619,Sample Student 2398,student2398@example.com,Information Technology,2027
C25620,Sample Student 2399,student2399@example.com,Computer Engineering,2027
C25621,Sample Student 2400,student2400@example.com,Information Technology,2027
C25622,Sample Student 2401,student2401@example.com,Computer Engineering,2027
C25623,Sample Student 2402,student2402@example.com,Information Technology,2027
C25624,Sample Student 2403,student2403@example.com,Computer Engineering,2027
C25625,Sample Student 2404,student2404@example.com,Information Technology,2027
C25626,Sample Student 2405,student2405@example.com,Computer Engineering,2027
C25627,Sample Student 2406,student2406@example.com,Information Technology,2027
C25628,Sample Student 2407,student2407@example.com,Computer Engineering,2027
C25629,Sample Student 2408,student2408@example.com,Information Technology,2027
C25630,Sample Student 2409,student2409@example.com,Computer Engineering,2027
C25631,Sample Student 2410,student2410@example.com,Information Technology,2027
C25632,Sample Student 2411,student2411@example.com,Computer Engineering,2027
C25633,Sample Student 2412,student2412@example.com,Information Technology,2027
C25634,Sample Student 2413,student2413@example.com,Computer Engineering,2027
C25635,Sample Student 2414,student2414@example.com,Information Technology,2027
C25636,Sample Student 2415,student2415@example.com,Computer Engineering,2027
C25637,Sample Student 2416,student2416@example.com,Information Technology,2027
C25638,Sample Student 2417,student2417@example.com,Computer Engineering,2027
C25639,Sample Student 2418,student2418@example.com,Information Technology,2027
C25640,Sample Student 2419,student2419@example.com,Computer Engineering,2027
C25641,Sample Student 2420,student2420@example.com,Information Technology,2027
C25642,Sample Student 2421,student2421@example.com,Computer Engineering,2027
C25643,Sample Student 2422,student2422@example.com,Information Technology,2027
C25644,Sample Student 2423,student2423@example.com,Computer Engineering,2027
C25645,Sample Student 2424,student2424@example.com,Information Technology,2027
C25646,Sample Student 2425,student2425@example.com,Computer Engineering,2027
C25647,Sample Student 2426,student2426@example.com,Information Technology,2027
C25648,Sample Student 2427,student2427@example.com,Computer Engineering,2027
C25649,Sample Student 2428,student2428@example.com,Information Technology,2027
C25650,Sample Student 2429,student2429@example.com,Computer Engineering,2027
C25651,Sample Student 2430,student2430@example.com,Information Technology,2027
C25652,Sample Student 2431,student2431@example.com,Computer Engineering,2027
C25653,Sample Student 2432,student2432@example.com,Information Technology,2027
C25654,Sample Student 2433,student2433@example.com,Computer Engineering,2027
C25655,Sample Student 2434,student2434@example.com,Information Technology,2027
C25656,Sample Student 2435,student2435@example.com,Computer Engineering,2027
C25657,Sample Student 2436,student2436@example.com,Information Technology,2027
C25658,Sample Student 2437,student2437@example.com,Computer Engineering,2027
C25659,Sample Student 2438,student2438@example.com,Information Technology,2027
C25660,Sample Student 2439,student2439@example.com,Computer Engineering,2027
C25661,Sample Student 2440,student2440@example.com,Information Technology,2027
C25662,Sample Student 2441,student2441@example.com,Computer Engineering,2027
C25663,Sample Student 2442,student2442@example.com,Information Technology,2027
C25664,Sample Student 2443,student2443@example.com,Computer Engineering,2027
C25665,Sample Student 2444,student2444@example.com,Information Technology,2027
C25666,Sample Student 2445,student2445@example.com,Computer Engineering,2027
C25667,Sample Student 2446,student2446@example.com,Information Technology,2027
C25668,Sample Student 2447,student2447@example.com,Computer Engineering,2027
C25669,Sample Student 2448,student2448@example.com,Information Technology,2027
C25670,Sample Student 2449,student2449@example.com,Computer Engineering,2027
C25671,Sample Student 2450,student2450@example.com,Information Technology,2027
C25672,Sample Student 2451,student2451@example.com,Computer Engineering,2027
C25673,Sample Student 2452,student2452@example.com,Information Technology,2027
C25674,Sample Student 2453,student2453@example.com,Computer Engineering,2027
C25675,Sample Student 2454,student2454@example.com,Information Technology,2027
C25676,Sample Student 2455,student2455@example.com,Computer Engineering,2027
C25677,Sample Student 2456,student2456@example.com,Information Technology,2027
C25678,Sample Student 2457,student2457@example.com,Computer Engineering,2027
C25679,Sample Student 2458,student2458@example.com,Information Technology,2027
C25680,Sample Student 2459,student2459@example.com,Computer Engineering,2027
C25681,Sample Student 2460,student2460@example.com,Information Technology,2027
C25682,Sample Student 2461,student2461@example.com,Computer Engineering,2027
C25683,Sample Student 2462,student2462@example.com,Information Technology,2027
C25684,Sample Student 2463,student2463@example.com,Computer Engineering,2027
C25685,Sample Student 2464,student2464@example.com,Information Technology,2027
C25686,Sample Student 2465,student2465@example.com,Computer Engineering,2027
C25687,Sample Student 2466,student2466@example.com,Information Technology,2027
C25688,Sample Student 2467,student2467@example.com,Computer Engineering,2027
C25689,Sample Student 2468,student2468@example.com,Information Technology,2027
C25690,Sample Student 2469,student2469@example.com,Computer Engineering,2027
C25691,Sample Student 2470,student2470@example.com,Information Technology,2027
C25692,Sample Student 2471,student2471@example.com,Computer Engineering,2027
C25693,Sample Student 2472,student2472@example.com,Information Technology,2027
C25694,Sample Student 2473,student2473@example.com,Computer Engineering,2027
C25695,Sample Student 2474,student2474@example.com,Information Technology,2027
C25696,Sample Student 2475,student2475@example.com,Computer Engineering,2027
C25697,Sample Student 2476,student2476@example.com,Information Technology,2027
C25698,Sample Student 2477,student2477@example.com,Computer Engineering,2027
C25699,Sample Student 2478,student2478@example.com,Information Technology,2027
C25700,Sample Student 2479,student2479@example.com,Computer Engineering,2027
C25701,Sample Student 2480,student2480@example.com,Information Technology,2027
C25702,Sample Student 2481,student2481@example.com,Computer Engineering,2027
C25703,Sample Student 2482,student2482@example.com,Information Technology,2027
C25704,Sample Student 2483,student2483@example.com,Computer Engineering,2027
C25705,Sample Student 2484,student2484@example.com,Information Technology,2027
C25706,Sample Student 2485,student2485@example.com,Computer Engineering,2027
C25707,Sample Student 2486,student2486@example.com,Information Technology,2027
C25708,Sample Student 2487,student2487@example.com,Computer Engineering,2027
C25709,Sample Student 2488,student2488@example.com,Information Technology,2027
C25710,Sample Student 2489,student2489@example.com,Computer Engineering,2027
C25711,Sample Student 2490,student2490@example.com,Information Technology,2027
C25712,Sample Student 2491,student2491@example.com,Computer Engineering,2027
C25713,Sample Student 2492,student2492@example.com,Information Technology,2027
C25714,Sample Student 2493,student2493@example.com,Computer Engineering,2027
C25715,Sample Student 2494,student2494@example.com,Information Technology,2027
C25716,Sample Student 2495,student2495@example.com,Computer Engineering,2027
C25717,Sample Student 2496,student2496@example.com,Information Technology,2027
C25718,Sample Student 2497,student2497@example.com,Computer Engineering,2027
C25719,Sample Student 2498,student2498@example.com,Information Technology,2027
C25720,Sample Student 2499,student2499@example.com,Computer Engineering,2027
C25721,Sample Student 2500,student2500@example.com,Information Technology,2027
C25722,Sample Student 2501,student2501@example.com,Computer Engineering,2027
C25723,Sample Student 2502,student2502@example.com,Information Technology,2027
C25724,Sample Student 2503,student2503@example.com,Computer Engineering,2027
C25725,Sample Student 2504,student2504@example.com,Information Technology,2027
C25726,Sample Student 2505,student2505@example.com,Computer Engineering,2027
C25727,Sample Student 2506,student2506@example.com,Information Technology,2027
C25728,Sample Student 2507,student2507@example.com,Computer Engineering,2027
C25729,Sample Student 2508,student2508@example.com,Information Technology,2027
C25730,Sample Student 2509,student2509@example.com,Computer Engineering,2027
C25731,Sample Student 2510,student2510@example.com,Information Technology,2027
C25732,Sample Student 2511,student2511@example.com,Computer Engineering,2027
C25733,Sample Student 2512,student2512@example.com,Information Technology,2027
C25734,Sample Student 2513,student2513@example.com,Computer Engineering,2027
C25735,Sample Student 2514,student2514@example.com,Information Technology,2027
C25736,Sample Student 2515,student2515@example.com,Computer Engineering,2027
C25737,Sample Student 2516,student2516@example.com,Information Technology,2027
C25738,Sample Student 2517,student2517@example.com,Computer Engineering,2027
C25739,Sample Student 2518,student2518@example.com,Information Technology,2027
C25740,Sample Student 2519,student2519@example.com,Computer Engineering,2027
C25741,Sample Student 2520,student2520@example.com,Information Technology,2027
C25742,Sample Student 2521,student2521@example.com,Computer Engineering,2027
C25743,Sample Student 2522,student2522@example.com,Information Technology,2027
C25744,Sample Student 2523,student2523@example.com,Computer Engineering,2027
C25745,Sample Student 2524,student2524@example.com,Information Technology,2027
C25746,Sample Student 2525,student2525@example.com,Computer Engineering,2027
C25747,Sample Student 2526,student2526@example.com,Information Technology,2027
C25748,Sample Student 2527,student2527@example.com,Computer Engineering,2027
C25749,Sample Student 2528,student2528@example.com,Information Technology,2027
C25750,Sample Student 2529,student2529@example.com,Computer Engineering,2027
C25751,Sample Student 2530,student2530@example.com,Information Technology,2027
C25752,Sample Student 2531,student2531@example.com,Computer Engineering,2027
C25753,Sample Student 2532,student2532@example.com,Information Technology,2027
C25754,Sample Student 2533,student2533@example.com,Computer Engineering,2027
C25755,Sample Student 2534,student2534@example.com,Information Technology,2027
C25756,Sample Student 2535,student2535@example.com,Computer Engineering,2027
C25757,Sample Student 2536,student2536@example.com,Information Technology,2027
C25758,Sample Student 2537,student2537@example.com,Computer Engineering,2027
C25759,Sample Student 2538,student2538@example.com,Information Technology,2027
C25760,Sample Student 2539,student2539@example.com,Computer Engineering,2027
C25761,Sample Student 2540,student2540@example.com,Information Technology,2027
C25762,Sample Student 2541,student2541@example.com,Computer Engineering,2027
C25763,Sample Student 2542,student2542@example.com,Information Technology,2027
C25764,Sample Student 2543,student2543@example.com,Computer Engineering,2027
C25765,Sample Student 2544,student2544@example.com,Information Technology,2027
C25766,Sample Student 2545,student2545@example.com,Computer Engineering,2027
C25767,Sample Student 2546,student2546@example.com,Information Technology,2027
C25768,Sample Student 2547,student2547@example.com,Computer Engineering,2027
C25769,Sample Student 2548,student2548@example.com,Information Technology,2027
C25770,Sample Student 2549,student2549@example.com,Computer Engineering,2027
C25771,Sample Student 2550,student2550@example.com,Information Technology,2027
C25772,Sample Student 2551,student2551@example.com,Computer Engineering,2027
C25773,Sample Student 2552,student2552@example.com,Information Technology,2027
C25774,Sample Student 2553,student2553@example.com,Computer Engineering,2027
C25775,Sample Student 2554,student2554@example.com,Information Technology,2027
C25776,Sample Student 2555,student2555@example.com,Computer Engineering,2027
C25777,Sample Student 2556,student2556@example.com,Information Technology,2027
C25778,Sample Student 2557,student2557@example.com,Computer Engineering,2027
C25779,Sample Student 2558,student2558@example.com,Information Technology,2027
C25780,Sample Student 2559,student2559@example.com,Computer Engineering,2027
C25781,Sample Student 2560,student2560@example.com,Information Technology,2027
C25782,Sample Student 2561,student2561@example.com,Computer Engineering,2027
C25783,Sample Student 2562,student2562@example.com,Information Technology,2027
C25784,Sample Student 2563,student2563@example.com,Computer Engineering,2027
C25785,Sample Student 2564,student2564@example.com,Information Technology,2027
C25786,Sample Student 2565,student2565@example.com,Computer Engineering,2027
C25787,Sample Student 2566,student2566@example.com,Information Technology,2027
C25788,Sample Student 2567,student2567@example.com,Computer Engineering,2027
C25789,Sample Student 2568,student2568@example.com,Information Technology,2027
C25790,Sample Student 2569,student2569@example.com,Computer Engineering,2027
C25791,Sample Student 2570,student2570@example.com,Information Technology,2027
C25792,Sample Student 2571,student2571@example.com,Computer Engineering,2027
C25793,Sample Student 2572,student2572@example.com,Information Technology,2027
C25794,Sample Student 2573,student2573@example.com,Computer Engineering,2027
C25795,Sample Student 2574,student2574@example.com,Information Technology,2027
C25796,Sample Student 2575,student2575@example.com,Computer Engineering,2027
C25797,Sample Student 2576,student2576@example.com,Information Technology,2027
C25798,Sample Student 2577,student2577@example.com,Computer Engineering,2027
C25799,Sample Student 2578,student2578@example.com,Information Technology,2027
C25800,Sample Student 2579,student2579@example.com,Computer Engineering,2027
C25801,Sample Student 2580,student2580@example.com,Information Technology,2027
C25802,Sample Student 2581,student2581@example.com,Computer Engineering,2027
C25803,Sample Student 2582,student2582@example.com,Information Technology,2027
C25804,Sample Student 2583,student2583@example.com,Computer Engineering,2027
C25805,Sample Student 2584,student2584@example.com,Information Technology,2027
C25806,Sample Student 2585,student2585@example.com,Computer Engineering,2027
C25807,Sample Student 2586,student2586@example.com,Information Technology,2027
C25808,Sample Student 2587,student2587@example.com,Computer Engineering,2027
C25809,Sample Student 2588,student2588@example.com,Information Technology,2027
C25810,Sample Student 2589,student2589@example.com,Computer Engineering,2027
C25811,Sample Student 2590,student2590@example.com,Information Technology,2027
C25812,Sample Student 2591,student2591@example.com,Computer Engineering,2027
C25813,Sample Student 2592,student2592@example.com,Information Technology,2027
C25814,Sample Student 2593,student2593@example.com,Computer Engineering,2027
C25815,Sample Student 2594,student2594@example.com,Information Technology,2027
C25816,Sample Student 2595,student2595@example.com,Computer Engineering,2027
C25817,Sample Student 2596,student2596@example.com,Information Technology,2027
C25818,Sample Student 2597,student2597@example.com,Computer Engineering,2027
C25819,Sample Student 2598,student2598@example.com,Information Technology,2027
C25820,Sample Student 2599,student2599@example.com,Computer Engineering,2027
C25821,Sample Student 2600,student2600@example.com,Information Technology,2027
C25822,Sample Student 2601,student2601@example.com,Computer Engineering,2027
C25823,Sample Student 2602,student2602@example.com,Information Technology,2027
C25824,Sample Student 2603,student2603@example.com,Computer Engineering,2027
C25825,Sample Student 2604,student2604@example.com,Information Technology,2027
C25826,Sample Student 2605,student2605@example.com,Computer Engineering,2027
C25827,Sample Student 2606,student2606@example.com,Information Technology,2027
C25828,Sample Student 2607,student2607@example.com,Computer Engineering,2027
C25829,Sample Student 2608,student2608@example.com,Information Technology,2027
C25830,Sample Student 2609,student2609@example.com,Computer Engineering,2027
C25831,Sample Student 2610,student2610@example.com,Information Technology,2027
C25832,Sample Student 2611,student2611@example.com,Computer Engineering,2027
C25833,Sample Student 2612,student2612@example.com,Information Technology,2027
C25834,Sample Student 2613,student2613@example.com,Computer Engineering,2027
C25835,Sample Student 2614,student2614@example.com,Information Technology,2027
C25836,Sample Student 2615,student2615@example.com,Computer Engineering,2027
C25837,Sample Student 2616,student2616@example.com,Information Technology,2027
C25838,Sample Student 2617,student2617@example.com,Computer Engineering,2027
C25839,Sample Student 2618,student2618@example.com,Information Technology,2027
C25840,Sample Student 2619,student2619@example.com,Computer Engineering,2027
C25841,Sample Student 2620,student2620@example.com,Information Technology,2027
C25842,Sample Student 2621,student2621@example.com,Computer Engineering,2027
C25843,Sample Student 2622,student2622@example.com,Information Technology,2027
C25844,Sample Student 2623,student2623@example.com,Computer Engineering,2027
C25845,Sample Student 2624,student2624@example.com,Information Technology,2027
C25846,Sample Student 2625,student2625@example.com,Computer Engineering,2027
C25847,Sample Student 2626,student2626@example.com,Information Technology,2027
C25848,Sample Student 2627,student2627@example.com,Computer Engineering,2027
C25849,Sample Student 2628,student2628@example.com,Information Technology,2027
C25850,Sample Student 2629,student2629@example.com,Computer Engineering,2027
C25851,Sample Student 2630,student2630@example.com,Information Technology,2027
C25852,Sample Student 2631,student2631@example.com,Computer Engineering,2027
C25853,Sample Student 2632,student2632@example.com,Information Technology,2027
C25854,Sample Student 2633,student2633@example.com,Computer Engineering,2027
C25855,Sample Student 2634,student2634@example.com,Information Technology,2027
C25856,Sample Student 2635,student2635@example.com,Computer Engineering,2027
C25857,Sample Student 2636,student2636@example.com,Information Technology,2027
C25858,Sample Student 2637,student2637@example.com,Computer Engineering,2027
C25859,Sample Student 2638,student2638@example.com,Information Technology,2027
C25860,Sample Student 2639,student2639@example.com,Computer Engineering,2027
C25861,Sample Student 2640,student2640@example.com,Information Technology,2027
C25862,Sample Student 2641,student2641@example.com,Computer Engineering,2027
C25863,Sample Student 2642,student2642@example.com,Information Technology,2027
C25864,Sample Student 2643,student2643@example.com,Computer Engineering,2027
C25865,Sample Student 2644,student2644@example.com,Information Technology,2027
C25866,Sample Student 2645,student2645@example.com,Computer Engineering,2027
C25867,Sample Student 2646,student2646@example.com,Information Technology,2027
C25868,Sample Student 2647,student2647@example.com,Computer Engineering,2027
C25869,Sample Student 2648,student2648@example.com,Information Technology,2027
C25870,Sample Student 2649,student2649@example.com,Computer Engineering,2027
C25871,Sample Student 2650,student2650@example.com,Information Technology,2027
C25872,Sample Student 2651,student2651@example.com,Computer Engineering,2027
C25873,Sample Student 2652,student2652@example.com,Information Technology,2027
C25874,Sample Student 2653,student2653@example.com,Computer Engineering,2027
C25875,Sample Student 2654,student2654@example.com,Information Technology,2027
C25876,Sample Student 2655,student2655@example.com,Computer Engineering,2027
C25877,Sample Student 2656,student2656@example.com,Information Technology,2027
C25878,Sample Student 2657,student2657@example.com,Computer Engineering,2027
C25879,Sample Student 2658,student2658@example.com,Information Technology,2027
C25880,Sample Student 2659,student2659@example.com,Computer Engineering,2027
C25881,Sample Student 2660,student2660@example.com,Information Technology,2027
C25882,Sample Student 2661,student2661@example.com,Computer Engineering,2027
C25883,Sample Student 2662,student2662@example.com,Information Technology,2027
C25884,Sample Student 2663,student2663@example.com,Computer Engineering,2027
C25885,Sample Student 2664,student2664@example.com,Information Technology,2027
C25886,Sample Student 2665,student2665@example.com,Computer Engineering,2027
C25887,Sample Student 2666,student2666@example.com,Information Technology,2027
C25888,Sample Student 2667,student2667@example.com,Computer Engineering,2027
C25889,Sample Student 2668,student2668@example.com,Information Technology,2027
C25890,Sample Student 2669,student2669@example.com,Computer Engineering,2027
C25891,Sample Student 2670,student2670@example.com,Information Technology,2027
C25892,Sample Student 2671,student2671@example.com,Computer Engineering,2027
C25893,Sample Student 2672,student2672@example.com,Information Technology,2027
C25894,Sample Student 2673,student2673@example.com,Computer Engineering,2027
C25895,Sample Student 2674,student2674@example.com,Information Technology,2027
C25896,Sample Student 2675,student2675@example.com,Computer Engineering,2027
C25897,Sample Student 2676,student2676@example.com,Information Technology,2027
C25898,Sample Student 2677,student2677@example.com,Computer Engineering,2027
C25899,Sample Student 2678,student2678@example.com,Information Technology,2027
C25900,Sample Student 2679,student2679@example.com,Computer Engineering,2027
C25901,Sample Student 2680,student2680@example.com,Information Technology,2027
C25902,Sample Student 2681,student2681@example.com,Computer Engineering,2027
C25903,Sample Student 2682,student2682@example.com,Information Technology,2027
C25904,Sample Student 2683,student2683@example.com,Computer Engineering,2027
C25905,Sample Student 2684,student2684@example.com,Information Technology,2027
C25906,Sample Student 2685,student2685@example.com,Computer Engineering,2027
C25907,Sample Student 2686,student2686@example.com,Information Technology,2027
C25908,Sample Student 2687,student2687@example.com,Computer Engineering,2027
C25909,Sample Student 2688,student2688@example.com,Information Technology,2027
C25910,Sample Student 2689,student2689@example.com,Computer Engineering,2027
C25911,Sample Student 2690,student2690@example.com,Information Technology,2027
C25912,Sample Student 2691,student2691@example.com,Computer Engineering,2027
C25913,Sample Student 2692,student2692@example.com,Information Technology,2027
C25914,Sample Student 2693,student2693@example.com,Computer Engineering,2027
C25915,Sample Student 2694,student2694@example.com,Information Technology,2027
C25916,Sample Student 2695,student2695@example.com,Computer Engineering,2027
C25917,Sample Student 2696,student2696@example.com,Information Technology,2027
C25918,Sample Student 2697,student2697@example.com,Computer Engineering,2027
C25919,Sample Student 2698,student2698@example.com,Information Technology,2027
C25920,Sample Student 2699,student2699@example.com,Computer Engineering,2027
C25921,Sample Student 2700,student2700@example.com,Information Technology,2027
C25922,Sample Student 2701,student2701@example.com,Computer Engineering,2027
C25923,Sample Student 2702,student2702@example.com,Information Technology,2027
C25924,Sample Student 2703,student2703@example.com,Computer Engineering,2027
C25925,Sample Student 2704,student2704@example.com,Information Technology,2027
C25926,Sample Student 2705,student2705@example.com,Computer Engineering,2027
C25927,Sample Student 2706,student2706@example.com,Information Technology,2027
C25928,Sample Student 2707,student2707@example.com,Computer Engineering,2027
C25929,Sample Student 2708,student2708@example.com,Information Technology,2027
C25930,Sample Student 2709,student2709@example.com,Computer Engineering,2027
C25931,Sample Student 2710,student2710@example.com,Information Technology,2027
C25932,Sample Student 2711,student2711@example.com,Computer Engineering,2027
C25933,Sample Student 2712,student2712@example.com,Information Technology,2027
C25934,Sample Student 2713,student2713@example.com,Computer Engineering,2027
C25935,Sample Student 2714,student2714@example.com,Information Technology,2027
C25936,Sample Student 2715,student2715@example.com,Computer Engineering,2027
C25937,Sample Student 2716,student2716@example.com,Information Technology,2027
C25938,Sample Student 2717,student2717@example.com,Computer Engineering,2027
C25939,Sample Student 2718,student2718@example.com,Information Technology,2027
C25940,Sample Student 2719,student2719@example.com,Computer Engineering,2027
C25941,Sample Student 2720,student2720@example.com,Information Technology,2027
C25942,Sample Student 2721,student2721@example.com,Computer Engineering,2027
C25943,Sample Student 2722,student2722@example.com,Information Technology,2027
C25944,Sample Student 2723,student2723@example.com,Computer Engineering,2027
C25945,Sample Student 2724,student2724@example.com,Information Technology,2027
C25946,Sample Student 2725,student2725@example.com,Computer Engineering,2027
C25947,Sample Student 2726,student2726@example.com,Information Technology,2027
C25948,Sample Student 2727,student2727@example.com,Computer Engineering,2027
C25949,Sample Student 2728,student2728@example.com,Information Technology,2027
C25950,Sample Student 2729,student2729@example.com,Computer Engineering,2027
C25951,Sample Student 2730,student2730@example.com,Information Technology,2027
C25952,Sample Student 2731,student2731@example.com,Computer Engineering,2027
C25953,Sample Student 2732,student2732@example.com,Information Technology,2027
C25954,Sample Student 2733,student2733@example.com,Computer Engineering,2027
C25955,Sample Student 2734,student2734@example.com,Information Technology,2027
C25956,Sample Student 2735,student2735@example.com,Computer Engineering,2027
C25957,Sample Student 2736,student2736@example.com,Information Technology,2027
C25958,Sample Student 2737,student2737@example.com,Computer Engineering,2027
C25959,Sample Student 2738,student2738@example.com,Information Technology,2027
C25960,Sample Student 2739,student2739@example.com,Computer Engineering,2027
C25961,Sample Student 2740,student2740@example.com,Information Technology,2027
C25962,Sample Student 2741,student2741@example.com,Computer Engineering,2027
C25963,Sample Student 2742,student2742@example.com,Information Technology,2027
C25964,Sample Student 2743,student2743@example.com,Computer Engineering,2027
C25965,Sample Student 2744,student2744@example.com,Information Technology,2027
C25966,Sample Student 2745,student2745@example.com,Computer Engineering,2027
C25967,Sample Student 2746,student2746@example.com,Information Technology,2027
C25968,Sample Student 2747,student2747@example.com,Computer Engineering,2027
C25969,Sample Student 2748,student2748@example.com,Information Technology,2027
C25970,Sample Student 2749,student2749@example.com,Computer Engineering,2027
C25971,Sample Student 2750,student2750@example.com,Information Technology,2027
C25972,Sample Student 2751,student2751@example.com,Computer Engineering,2027
C25973,Sample Student 2752,student2752@example.com,Information Technology,2027
C25974,Sample Student 2753,student2753@example.com,Computer Engineering,2027
C25975,Sample Student 2754,student2754@example.com,Information Technology,2027
C25976,Sample Student 2755,student2755@example.com,Computer Engineering,2027
C25977,Sample Student 2756,student2756@example.com,Information Technology,2027
C25978,Sample Student 2757,student2757@example.com,Computer Engineering,2027
C25979,Sample Student 2758,student2758@example.com,Information Technology,2027
C25980,Sample Student 2759,student2759@example.com,Computer Engineering,2027
C25981,Sample Student 2760,student2760@example.com,Information Technology,2027
C25982,Sample Student 2761,student2761@example.com,Computer Engineering,2027
C25983,Sample Student 2762,student2762@example.com,Information Technology,2027
C25984,Sample Student 2763,student2763@example.com,Computer Engineering,2027
C25985,Sample Student 2764,student2764@example.com,Information Technology,2027
C25986,Sample Student 2765,student2765@example.com,Computer Engineering,2027
C25987,Sample Student 2766,student2766@example.com,Information Technology,2027
C25988,Sample Student 2767,student2767@example.com,Computer Engineering,2027
C25989,Sample Student 2768,student2768@example.com,Information Technology,2027
C25990,Sample Student 2769,student2769@example.com,Computer Engineering,2027
C25991,Sample Student 2770,student2770@example.com,Information Technology,2027
C25992,Sample Student 2771,student2771@example.com,Computer Engineering,2027
C25993,Sample Student 2772,student2772@example.com,Information Technology,2027
C25994,Sample Student 2773,student2773@example.com,Computer Engineering,2027
C25995,Sample Student 2774,student2774@example.com,Information Technology,2027
C25996,Sample Student 2775,student2775@example.com,Computer Engineering,2027
C25997,Sample Student 2776,student2776@example.com,Information Technology,2027
C25998,Sample Student 2777,student2777@example.com,Computer Engineering,2027
C25999,Sample Student 2778,student2778@example.com,Information Technology,2027
C26000,Sample Student 2779,student2779@example.com,Computer Engineering,2027
C26001,Sample Student 2780,student2780@example.com,Information Technology,2027
C26002,Sample Student 2781,student2781@example.com,Computer Engineering,2027
C26003,Sample Student 2782,student2782@example.com,Information Technology,2027
C26004,Sample Student 2783,student2783@example.com,Computer Engineering,2027
C26005,Sample Student 2784,student2784@example.com,Information Technology,2027
C26006,Sample Student 2785,student2785@example.com,Computer Engineering,2027
C26007,Sample Student 2786,student2786@example.com,Information Technology,2027
C26008,Sample Student 2787,student2787@example.com,Computer Engineering,2027
C26009,Sample Student 2788,student2788@example.com,Information Technology,2027
C26010,Sample Student 2789,student2789@example.com,Computer Engineering,2027
C26011,Sample Student 2790,student2790@example.com,Information Technology,2027
C26012,Sample Student 2791,student2791@example.com,Computer Engineering,2027
C26013,Sample Student 2792,student2792@example.com,Information Technology,2027
C26014,Sample Student 2793,student2793@example.com,Computer Engineering,2027
C26015,Sample Student 2794,student2794@example.com,Information Technology,2027
C26016,Sample Student 2795,student2795@example.com,Computer Engineering,2027
C26017,Sample Student 2796,student2796@example.com,Information Technology,2027
C26018,Sample Student 2797,student2797@example.com,Computer Engineering,2027
C26019,Sample Student 2798,student2798@example.com,Information Technology,2027
C26020,Sample Student 2799,student2799@example.com,Computer Engineering,2027
C26021,Sample Student 2800,student2800@example.com,Information Technology,2027
C26022,Sample Student 2801,student2801@example.com,Computer Engineering,2027
C26023,Sample Student 2802,student2802@example.com,Information Technology,2027
C26024,Sample Student 2803,student2803@example.com,Computer Engineering,2027
C26025,Sample Student 2804,student2804@example.com,Information Technology,2027
C26026,Sample Student 2805,student2805@example.com,Computer Engineering,2027
C26027,Sample Student 2806,student2806@example.com,Information Technology,2027
C26028,Sample Student 2807,student2807@example.com,Computer Engineering,2027
C26029,Sample Student 2808,student2808@example.com,Information Technology,2027
C26030,Sample Student 2809,student2809@example.com,Computer Engineering,2027
C26031,Sample Student 2810,student2810@example.com,Information Technology,2027
C26032,Sample Student 2811,student2811@example.com,Computer Engineering,2027
C26033,Sample Student 2812,student2812@example.com,Information Technology,2027
C26034,Sample Student 2813,student2813@example.com,Computer Engineering,2027
C26035,Sample Student 2814,student2814@example.com,Information Technology,2027
C26036,Sample Student 2815,student2815@example.com,Computer Engineering,2027
C26037,Sample Student 2816,student2816@example.com,Information Technology,2027
C26038,Sample Student 2817,student2817@example.com,Computer Engineering,2027
C26039,Sample Student 2818,student2818@example.com,Information Technology,2027
C26040,Sample Student 2819,student2819@example.com,Computer Engineering,2027
C26041,Sample Student 2820,student2820@example.com,Information Technology,2027
C26042,Sample Student 2821,student2821@example.com,Computer Engineering,2027
C26043,Sample Student 2822,student2822@example.com,Information Technology,2027
C26044,Sample Student 2823,student2823@example.com,Computer Engineering,2027
C26045,Sample Student 2824,student2824@example.com,Information Technology,2027
C26046,Sample Student 2825,student2825@example.com,Computer Engineering,2027
C26047,Sample Student 2826,student2826@example.com,Information Technology,2027
C26048,Sample Student 2827,student2827@example.com,Computer Engineering,2027
C26049,Sample Student 2828,student2828@example.com,Information Technology,2027
C26050,Sample Student 2829,student2829@example.com,Computer Engineering,2027
C26051,Sample Student 2830,student2830@example.com,Information Technology,2027
C26052,Sample Student 2831,student2831@example.com,Computer Engineering,2027
C26053,Sample Student 2832,student2832@example.com,Information Technology,2027
C26054,Sample Student 2833,student2833@example.com,Computer Engineering,2027
C26055,Sample Student 2834,student2834@example.com,Information Technology,2027
C26056,Sample Student 2835,student2835@example.com,Computer Engineering,2027
C26057,Sample Student 2836,student2836@example.com,Information Technology,2027
C26058,Sample Student 2837,student2837@example.com,Computer Engineering,2027
C26059,Sample Student 2838,student2838@example.com,Information Technology,2027
C26060,Sample Student 2839,student2839@example.com,Computer Engineering,2027
C26061,Sample Student 2840,student2840@example.com,Information Technology,2027
C26062,Sample Student 2841,student2841@example.com,Computer Engineering,2027
C26063,Sample Student 2842,student2842@example.com,Information Technology,2027
C26064,Sample Student 2843,student2843@example.com,Computer Engineering,2027
C26065,Sample Student 2844,student2844@example.com,Information Technology,2027
C26066,Sample Student 2845,student2845@example.com,Computer Engineering,2027
C26067,Sample Student 2846,student2846@example.com,Information Technology,2027
C26068,Sample Student 2847,student2847@example.com,Computer Engineering,2027
C26069,Sample Student 2848,student2848@example.com,Information Technology,2027
C26070,Sample Student 2849,student2849@example.com,Computer Engineering,2027
C26071,Sample Student 2850,student2850@example.com,Information Technology,2027
C26072,Sample Student 2851,student2851@example.com,Computer Engineering,2027
C26073,Sample Student 2852,student2852@example.com,Information Technology,2027
C26074,Sample Student 2853,student2853@example.com,Computer Engineering,2027
C26075,Sample Student 2854,student2854@example.com,Information Technology,2027
C26076,Sample Student 2855,student2855@example.com,Computer Engineering,2027
C26077,Sample Student 2856,student2856@example.com,Information Technology,2027
C26078,Sample Student 2857,student2857@example.com,Computer Engineering,2027
C26079,Sample Student 2858,student2858@example.com,Information Technology,2027
C26080,Sample Student 2859,student2859@example.com,Computer Engineering,2027
C26081,Sample Student 2860,student2860@example.com,Information Technology,2027
C26082,Sample Student 2861,student2861@example.com,Computer Engineering,2027
C26083,Sample Student 2862,student2862@example.com,Information Technology,2027
C26084,Sample Student 2863,student2863@example.com,Computer Engineering,2027
C26085,Sample Student 2864,student2864@example.com,Information Technology,2027
C26086,Sample Student 2865,student2865@example.com,Computer Engineering,2027
C26087,Sample Student 2866,student2866@example.com,Information Technology,2027
C26088,Sample Student 2867,student2867@example.com,Computer Engineering,2027
C26089,Sample Student 2868,student2868@example.com,Information Technology,2027
C26090,Sample Student 2869,student2869@example.com,Computer Engineering,2027
C26091,Sample Student 2870,student2870@example.com,Information Technology,2027
C26092,Sample Student 2871,student2871@example.com,Computer Engineering,2027
C26093,Sample Student 2872,student2872@example.com,Information Technology,2027
C26094,Sample Student 2873,student2873@example.com,Computer Engineering,2027
C26095,Sample Student 2874,student2874@example.com,Information Technology,2027
C26096,Sample Student 2875,student2875@example.com,Computer Engineering,2027
C26097,Sample Student 2876,student2876@example.com,Information Technology,2027
C26098,Sample Student 2877,student2877@example.com,Computer Engineering,2027
C26099,Sample Student 2878,student2878@example.com,Information Technology,2027
C26100,Sample Student 2879,student2879@example.com,Computer Engineering,2027
C26101,Sample Student 2880,student2880@example.com,Information Technology,2027
C26102,Sample Student 2881,student2881@example.com,Computer Engineering,2027
C26103,Sample Student 2882,student2882@example.com,Information Technology,2027
C26104,Sample Student 2883,student2883@example.com,Computer Engineering,2027
C26105,Sample Student 2884,student2884@example.com,Information Technology,2027
C26106,Sample Student 2885,student2885@example.com,Computer Engineering,2027
C26107,Sample Student 2886,student2886@example.com,Information Technology,2027
C26108,Sample Student 2887,student2887@example.com,Computer Engineering,2027
C26109,Sample Student 2888,student2888@example.com,Information Technology,2027
C26110,Sample Student 2889,student2889@example.com,Computer Engineering,2027
C26111,Sample Student 2890,student2890@example.com,Information Technology,2027
C26112,Sample Student 2891,student2891@example.com,Computer Engineering,2027
C26113,Sample Student 2892,student2892@example.com,Information Technology,2027
C26114,Sample Student 2893,student2893@example.com,Computer Engineering,2027
C26115,Sample Student 2894,student2894@example.com,Information Technology,2027
C26116,Sample Student 2895,student2895@example.com,Computer Engineering,2027
C26117,Sample Student 2896,student2896@example.com,Information Technology,2027
C26118,Sample Student 2897,student2897@example.com,Computer Engineering,2027
C26119,Sample Student 2898,student2898@example.com,Information Technology,2027
C26120,Sample Student 2899,student2899@example.com,Computer Engineering,2027
C26121,Sample Student 2900,student2900@example.com,Information Technology,2027
C26122,Sample Student 2901,student2901@example.com,Computer Engineering,2027
C26123,Sample Student 2902,student2902@example.com,Information Technology,2027
C26124,Sample Student 2903,student2903@example.com,Computer Engineering,2027
C26125,Sample Student 2904,student2904@example.com,Information Technology,2027
C26126,Sample Student 2905,student2905@example.com,Computer Engineering,2027
C26127,Sample Student 2906,student2906@example.com,Information Technology,2027
C26128,Sample Student 2907,student2907@example.com,Computer Engineering,2027
C26129,Sample Student 2908,student2908@example.com,Information Technology,2027
C26130,Sample Student 2909,student2909@example.com,Computer Engineering,2027
C26131,Sample Student 2910,student2910@example.com,Information Technology,2027
C26132,Sample Student 2911,student2911@example.com,Computer Engineering,2027
C26133,Sample Student 2912,student2912@example.com,Information Technology,2027
C26134,Sample Student 2913,student2913@example.com,Computer Engineering,2027
C26135,Sample Student 2914,student2914@example.com,Information Technology,2027
C26136,Sample Student 2915,student2915@example.com,Computer Engineering,2027
C26137,Sample Student 2916,student2916@example.com,Information Technology,2027
C26138,Sample Student 2917,student2917@example.com,Computer Engineering,2027
C26139,Sample Student 2918,student2918@example.com,Information Technology,2027
C26140,Sample Student 2919,student2919@example.com,Computer Engineering,2027
C26141,Sample Student 2920,student2920@example.com,Information Technology,2027
C26142,Sample Student 2921,student2921@example.com,Computer Engineering,2027
C26143,Sample Student 2922,student2922@example.com,Information Technology,2027
C26144,Sample Student 2923,student2923@example.com,Computer Engineering,2027
C26145,Sample Student 2924,student2924@example.com,Information Technology,2027
C26146,Sample Student 2925,student2925@example.com,Computer Engineering,2027
C26147,Sample Student 2926,student2926@example.com,Information Technology,2027
C26148,Sample Student 2927,student2927@example.com,Computer Engineering,2027
C26149,Sample Student 2928,student2928@example.com,Information Technology,2027
C26150,Sample Student 2929,student2929@example.com,Computer Engineering,2027
C26151,Sample Student 2930,student2930@example.com,Information Technology,2027
C26152,Sample Student 2931,student2931@example.com,Computer Engineering,2027
C26153,Sample Student 2932,student2932@example.com,Information Technology,2027
C26154,Sample Student 2933,student2933@example.com,Computer Engineering,2027
C26155,Sample Student 2934,student2934@example.com,Information Technology,2027
C26156,Sample Student 2935,student2935@example.com,Computer Engineering,2027
C26157,Sample Student 2936,student2936@example.com,Information Technology,2027
C26158,Sample Student 2937,student2937@example.com,Computer Engineering,2027
C26159,Sample Student 2938,student2938@example.com,Information Technology,2027
C26160,Sample Student 2939,student2939@example.com,Computer Engineering,2027
C26161,Sample Student 2940,student2940@example.com,Information Technology,2027
C26162,Sample Student 2941,student2941@example.com,Computer Engineering,2027
C26163,Sample Student 2942,student2942@example.com,Information Technology,2027
C26164,Sample Student 2943,student2943@example.com,Computer Engineering,2027
C26165,Sample Student 2944,student2944@example.com,Information Technology,2027
C26166,Sample Student 2945,student2945@example.com,Computer Engineering,2027
C26167,Sample Student 2946,student2946@example.com,Information Technology,2027
C26168,Sample Student 2947,student2947@example.com,Computer Engineering,2027
C26169,Sample Student 2948,student2948@example.com,Information Technology,2027
C26170,Sample Student 2949,student2949@example.com,Computer Engineering,2027
C26171,Sample Student 2950,student2950@example.com,Information Technology,2027
C26172,Sample Student 2951,student2951@example.com,Computer Engineering,2027
C26173,Sample Student 2952,student2952@example.com,Information Technology,2027
C26174,Sample Student 2953,student2953@example.com,Computer Engineering,2027
C26175,Sample Student 2954,student2954@example.com,Information Technology,2027
C26176,Sample Student 2955,student2955@example.com,Computer Engineering,2027
C26177,Sample Student 2956,student2956@example.com,Information Technology,2027
C26178,Sample Student 2957,student2957@example.com,Computer Engineering,2027
C26179,Sample Student 2958,student2958@example.com,Information Technology,2027
C26180,Sample Student 2959,student2959@example.com,Computer Engineering,2027
C26181,Sample Student 2960,student2960@example.com,Information Technology,2027
C26182,Sample Student 2961,student2961@example.com,Computer Engineering,2027
C26183,Sample Student 2962,student2962@example.com,Information Technology,2027
C26184,Sample Student 2963,student2963@example.com,Computer Engineering,2027
C26185,Sample Student 2964,student2964@example.com,Information Technology,2027
C26186,Sample Student 2965,student2965@example.com,Computer Engineering,2027
C26187,Sample Student 2966,student2966@example.com,Information Technology,2027
C26188,Sample Student 2967,student2967@example.com,Computer Engineering,2027
C26189,Sample Student 2968,student2968@example.com,Information Technology,2027
C26190,Sample Student 2969,student2969@example.com,Computer Engineering,2027
C26191,Sample Student 2970,student2970@example.com,Information Technology,2027
C26192,Sample Student 2971,student2971@example.com,Computer Engineering,2027
C26193,Sample Student 2972,student2972@example.com,Information Technology,2027
C26194,Sample Student 2973,student2973@example.com,Computer Engineering,2027
C26195,Sample Student 2974,student2974@example.com,Information Technology,2027
C26196,Sample Student 2975,student2975@example.com,Computer Engineering,2027
C26197,Sample Student 2976,student2976@example.com,Information Technology,2027
C26198,Sample Student 2977,student2977@example.com,Computer Engineering,2027
C26199,Sample Student 2978,student2978@example.com,Information Technology,2027
C26200,Sample Student 2979,student2979@example.com,Computer Engineering,2027
C26201,Sample Student 2980,student2980@example.com,Information Technology,2027
C26202,Sample Student 2981,student2981@example.com,Computer Engineering,2027
C26203,Sample Student 2982,student2982@example.com,Information Technology,2027
C26204,Sample Student 2983,student2983@example.com,Computer Engineering,2027
C26205,Sample Student 2984,student2984@example.com,Information Technology,2027
C26206,Sample Student 2985,student2985@example.com,Computer Engineering,2027
C26207,Sample Student 2986,student2986@example.com,Information Technology,2027
C26208,Sample Student 2987,student2987@example.com,Computer Engineering,2027
C26209,Sample Student 2988,student2988@example.com,Information Technology,2027
C26210,Sample Student 2989,student2989@example.com,Computer Engineering,2027
C26211,Sample Student 2990,student2990@example.com,Information Technology,2027
C26212,Sample Student 2991,student2991@example.com,Computer Engineering,2027
C26213,Sample Student 2992,student2992@example.com,Information Technology,2027
C26214,Sample Student 2993,student2993@example.com,Computer Engineering,2027
C26215,Sample Student 2994,student2994@example.com,Information Technology,2027
C26216,Sample Student 2995,student2995@example.com,Computer Engineering,2027
C26217,Sample Student 2996,student2996@example.com,Information Technology,2027
C26218,Sample Student 2997,student2997@example.com,Computer Engineering,2027
C26219,Sample Student 2998,student2998@example.com,Information Technology,2027
C26220,Sample Student 2999,student2999@example.com,Computer Engineering,2027
C26221,Sample Student 3000,student3000@example.com,Information Technology,2027
C26222,Sample Student 3001,student3001@example.com,Computer Engineering,2027
C26223,Sample Student 3002,student3002@example.com,Information Technology,2027
C26224,Sample Student 3003,student3003@example.com,Computer Engineering,2027
C26225,Sample Student 3004,student3004@example.com,Information Technology,2027
C26226,Sample Student 3005,student3005@example.com,Computer Engineering,2027
C26227,Sample Student 3006,student3006@example.com,Information Technology,2027
C26228,Sample Student 3007,student3007@example.com,Computer Engineering,2027
C26229,Sample Student 3008,student3008@example.com,Information Technology,2027
C26230,Sample Student 3009,student3009@example.com,Computer Engineering,2027
C26231,Sample Student 3010,student3010@example.com,Information Technology,2027
C26232,Sample Student 3011,student3011@example.com,Computer Engineering,2027
C26233,Sample Student 3012,student3012@example.com,Information Technology,2027
C26234,Sample Student 3013,student3013@example.com,Computer Engineering,2027
C26235,Sample Student 3014,student3014@example.com,Information Technology,2027
C26236,Sample Student 3015,student3015@example.com,Computer Engineering,2027
C26237,Sample Student 3016,student3016@example.com,Information Technology,2027
C26238,Sample Student 3017,student3017@example.com,Computer Engineering,2027
C26239,Sample Student 3018,student3018@example.com,Information Technology,2027
C26240,Sample Student 3019,student3019@example.com,Computer Engineering,2027
C26241,Sample Student 3020,student3020@example.com,Information Technology,2027
C26242,Sample Student 3021,student3021@example.com,Computer Engineering,2027
C26243,Sample Student 3022,student3022@example.com,Information Technology,2027
C26244,Sample Student 3023,student3023@example.com,Computer Engineering,2027
C26245,Sample Student 3024,student3024@example.com,Information Technology,2027
C26246,Sample Student 3025,student3025@example.com,Computer Engineering,2027
C26247,Sample Student 3026,student3026@example.com,Information Technology,2027
C26248,Sample Student 3027,student3027@example.com,Computer Engineering,2027
C26249,Sample Student 3028,student3028@example.com,Information Technology,2027
C26250,Sample Student 3029,student3029@example.com,Computer Engineering,2027
C26251,Sample Student 3030,student3030@example.com,Information Technology,2027
C26252,Sample Student 3031,student3031@example.com,Computer Engineering,2027
C26253,Sample Student 3032,student3032@example.com,Information Technology,2027
C26254,Sample Student 3033,student3033@example.com,Computer Engineering,2027
C26255,Sample Student 3034,student3034@example.com,Information Technology,2027
C26256,Sample Student 3035,student3035@example.com,Computer Engineering,2027
C26257,Sample Student 3036,student3036@example.com,Information Technology,2027
C26258,Sample Student 3037,student3037@example.com,Computer Engineering,2027
C26259,Sample Student 3038,student3038@example.com,Information Technology,2027
C26260,Sample Student 3039,student3039@example.com,Computer Engineering,2027
C26261,Sample Student 3040,student3040@example.com,Information Technology,2027
C26262,Sample Student 3041,student3041@example.com,Computer Engineering,2027
C26263,Sample Student 3042,student3042@example.com,Information Technology,2027
C26264,Sample Student 3043,student3043@example.com,Computer Engineering,2027
C26265,Sample Student 3044,student3044@example.com,Information Technology,2027
C26266,Sample Student 3045,student3045@example.com,Computer Engineering,2027
C26267,Sample Student 3046,student3046@example.com,Information Technology,2027
C26268,Sample Student 3047,student3047@example.com,Computer Engineering,2027
C26269,Sample Student 3048,student3048@example.com,Information Technology,2027
C26270,Sample Student 3049,student3049@example.com,Computer Engineering,2027
C26271,Sample Student 3050,student3050@example.com,Information Technology,2027
C26272,Sample Student 3051,student3051@example.com,Computer Engineering,2027
C26273,Sample Student 3052,student3052@example.com,Information Technology,2027
C26274,Sample Student 3053,student3053@example.com,Computer Engineering,2027
C26275,Sample Student 3054,student3054@example.com,Information Technology,2027
C26276,Sample Student 3055,student3055@example.com,Computer Engineering,2027
C26277,Sample Student 3056,student3056@example.com,Information Technology,2027
C26278,Sample Student 3057,student3057@example.com,Computer Engineering,2027
C26279,Sample Student 3058,student3058@example.com,Information Technology,2027
C26280,Sample Student 3059,student3059@example.com,Computer Engineering,2027
C26281,Sample Student 3060,student3060@example.com,Information Technology,2027
C26282,Sample Student 3061,student3061@example.com,Computer Engineering,2027
C26283,Sample Student 3062,student3062@example.com,Information Technology,2027
C26284,Sample Student 3063,student3063@example.com,Computer Engineering,2027
C26285,Sample Student 3064,student3064@example.com,Information Technology,2027
C26286,Sample Student 3065,student3065@example.com,Computer Engineering,2027
C26287,Sample Student 3066,student3066@example.com,Information Technology,2027
C26288,Sample Student 3067,student3067@example.com,Computer Engineering,2027
C26289,Sample Student 3068,student3068@example.com,Information Technology,2027
C26290,Sample Student 3069,student3069@example.com,Computer Engineering,2027
C26291,Sample Student 3070,student3070@example.com,Information Technology,2027
C26292,Sample Student 3071,student3071@example.com,Computer Engineering,2027
C26293,Sample Student 3072,student3072@example.com,Information Technology,2027
C26294,Sample Student 3073,student3073@example.com,Computer Engineering,2027
C26295,Sample Student 3074,student3074@example.com,Information Technology,2027
C26296,Sample Student 3075,student3075@example.com,Computer Engineering,2027
C26297,Sample Student 3076,student3076@example.com,Information Technology,2027
C26298,Sample Student 3077,student3077@example.com,Computer Engineering,2027
C26299,Sample Student 3078,student3078@example.com,Information Technology,2027
C26300,Sample Student 3079,student3079@example.com,Computer Engineering,2027
C26301,Sample Student 3080,student3080@example.com,Information Technology,2027
C26302,Sample Student 3081,student3081@example.com,Computer Engineering,2027
C26303,Sample Student 3082,student3082@example.com,Information Technology,2027
C26304,Sample Student 3083,student3083@example.com,Computer Engineering,2027
C26305,Sample Student 3084,student3084@example.com,Information Technology,2027
C26306,Sample Student 3085,student3085@example.com,Computer Engineering,2027
C26307,Sample Student 3086,student3086@example.com,Information Technology,2027
C26308,Sample Student 3087,student3087@example.com,Computer Engineering,2027
C26309,Sample Student 3088,student3088@example.com,Information Technology,2027
C26310,Sample Student 3089,student3089@example.com,Computer Engineering,2027
C26311,Sample Student 3090,student3090@example.com,Information Technology,2027
C26312,Sample Student 3091,student3091@example.com,Computer Engineering,2027
C26313,Sample Student 3092,student3092@example.com,Information Technology,2027
C26314,Sample Student 3093,student3093@example.com,Computer Engineering,2027
C26315,Sample Student 3094,student3094@example.com,Information Technology,2027
C26316,Sample Student 3095,student3095@example.com,Computer Engineering,2027
C26317,Sample Student 3096,student3096@example.com,Information Technology,2027
C26318,Sample Student 3097,student3097@example.com,Computer Engineering,2027
C26319,Sample Student 3098,student3098@example.com,Information Technology,2027
C26320,Sample Student 3099,student3099@example.com,Computer Engineering,2027
C26321,Sample Student 3100,student3100@example.com,Information Technology,2027
C26322,Sample Student 3101,student3101@example.com,Computer Engineering,2027
C26323,Sample Student 3102,student3102@example.com,Information Technology,2027
C26324,Sample Student 3103,student3103@example.com,Computer Engineering,2027
C26325,Sample Student 3104,student3104@example.com,Information Technology,2027
C26326,Sample Student 3105,student3105@example.com,Computer Engineering,2027
C26327,Sample Student 3106,student3106@example.com,Information Technology,2027
C26328,Sample Student 3107,student3107@example.com,Computer Engineering,2027
C26329,Sample Student 3108,student3108@example.com,Information Technology,2027
C26330,Sample Student 3109,student3109@example.com,Computer Engineering,2027
C26331,Sample Student 3110,student3110@example.com,Information Technology,2027
C26332,Sample Student 3111,student3111@example.com,Computer Engineering,2027
C26333,Sample Student 3112,student3112@example.com,Information Technology,2027
C26334,Sample Student 3113,student3113@example.com,Computer Engineering,2027
C26335,Sample Student 3114,student3114@example.com,Information Technology,2027
C26336,Sample Student 3115,student3115@example.com,Computer Engineering,2027
C26337,Sample Student 3116,student3116@example.com,Information Technology,2027
C26338,Sample Student 3117,student3117@example.com,Computer Engineering,2027
C26339,Sample Student 3118,student3118@example.com,Information Technology,2027
C26340,Sample Student 3119,student3119@example.com,Computer Engineering,2027
C26341,Sample Student 3120,student3120@example.com,Information Technology,2027
C26342,Sample Student 3121,student3121@example.com,Computer Engineering,2027
C26343,Sample Student 3122,student3122@example.com,Information Technology,2027
C26344,Sample Student 3123,student3123@example.com,Computer Engineering,2027
C26345,Sample Student 3124,student3124@example.com,Information Technology,2027
C26346,Sample Student 3125,student3125@example.com,Computer Engineering,2027
C26347,Sample Student 3126,student3126@example.com,Information Technology,2027
C26348,Sample Student 3127,student3127@example.com,Computer Engineering,2027
C26349,Sample Student 3128,student3128@example.com,Information Technology,2027
C26350,Sample Student 3129,student3129@example.com,Computer Engineering,2027
C26351,Sample Student 3130,student3130@example.com,Information Technology,2027
C26352,Sample Student 3131,student3131@example.com,Computer Engineering,2027
C26353,Sample Student 3132,student3132@example.com,Information Technology,2027
C26354,Sample Student 3133,student3133@example.com,Computer Engineering,2027
C26355,Sample Student 3134,student3134@example.com,Information Technology,2027
C26356,Sample Student 3135,student3135@example.com,Computer Engineering,2027
C26357,Sample Student 3136,student3136@example.com,Information Technology,2027
C26358,Sample Student 3137,student3137@example.com,Computer Engineering,2027
C26359,Sample Student 3138,student3138@example.com,Information Technology,2027
C26360,Sample Student 3139,student3139@example.com,Computer Engineering,2027
C26361,Sample Student 3140,student3140@example.com,Information Technology,2027
C26362,Sample Student 3141,student3141@example.com,Computer Engineering,2027
C26363,Sample Student 3142,student3142@example.com,Information Technology,2027
C26364,Sample Student 3143,student3143@example.com,Computer Engineering,2027
C26365,Sample Student 3144,student3144@example.com,Information Technology,2027
C26366,Sample Student 3145,student3145@example.com,Computer Engineering,2027
C26367,Sample Student 3146,student3146@example.com,Information Technology,2027
C26368,Sample Student 3147,student3147@example.com,Computer Engineering,2027
C26369,Sample Student 3148,student3148@example.com,Information Technology,2027
C26370,Sample Student 3149,student3149@example.com,Computer Engineering,2027
C26371,Sample Student 3150,student3150@example.com,Information Technology,2027
C26372,Sample Student 3151,student3151@example.com,Computer Engineering,2027
C26373,Sample Student 3152,student3152@example.com,Information Technology,2027
C26374,Sample Student 3153,student3153@example.com,Computer Engineering,2027
C26375,Sample Student 3154,student3154@example.com,Information Technology,2027
C26376,Sample Student 3155,student3155@example.com,Computer Engineering,2027
C26377,Sample Student 3156,student3156@example.com,Information Technology,2027
C26378,Sample Student 3157,student3157@example.com,Computer Engineering,2027
C26379,Sample Student 3158,student3158@example.com,Information Technology,2027
C26380,Sample Student 3159,student3159@example.com,Computer Engineering,2027
C26381,Sample Student 3160,student3160@example.com,Information Technology,2027
C26382,Sample Student 3161,student3161@example.com,Computer Engineering,2027
C26383,Sample Student 3162,student3162@example.com,Information Technology,2027
C26384,Sample Student 3163,student3163@example.com,Computer Engineering,2027
C26385,Sample Student 3164,student3164@example.com,Information Technology,2027
C26386,Sample Student 3165,student3165@example.com,Computer Engineering,2027
C26387,Sample Student 3166,student3166@example.com,Information Technology,2027
C26388,Sample Student 3167,student3167@example.com,Computer Engineering,2027
C26389,Sample Student 3168,student3168@example.com,Information Technology,2027
C26390,Sample Student 3169,student3169@example.com,Computer Engineering,2027
C26391,Sample Student 3170,student3170@example.com,Information Technology,2027
C26392,Sample Student 3171,student3171@example.com,Computer Engineering,2027
C26393,Sample Student 3172,student3172@example.com,Information Technology,2027
C26394,Sample Student 3173,student3173@example.com,Computer Engineering,2027
C26395,Sample Student 3174,student3174@example.com,Information Technology,2027
C26396,Sample Student 3175,student3175@example.com,Computer Engineering,2027
C26397,Sample Student 3176,student3176@example.com,Information Technology,2027
C26398,Sample Student 3177,student3177@example.com,Computer Engineering,2027
C26399,Sample Student 3178,student3178@example.com,Information Technology,2027
C26400,Sample Student 3179,student3179@example.com,Computer Engineering,2027
C26401,Sample Student 3180,student3180@example.com,Information Technology,2027
C26402,Sample Student 3181,student3181@example.com,Computer Engineering,2027
C26403,Sample Student 3182,student3182@example.com,Information Technology,2027
C26404,Sample Student 3183,student3183@example.com,Computer Engineering,2027
C26405,Sample Student 3184,student3184@example.com,Information Technology,2027
C26406,Sample Student 3185,student3185@example.com,Computer Engineering,2027
C26407,Sample Student 3186,student3186@example.com,Information Technology,2027
C26408,Sample Student 3187,student3187@example.com,Computer Engineering,2027
C26409,Sample Student 3188,student3188@example.com,Information Technology,2027
C26410,Sample Student 3189,student3189@example.com,Computer Engineering,2027
C26411,Sample Student 3190,student3190@example.com,Information Technology,2027
C26412,Sample Student 3191,student3191@example.com,Computer Engineering,2027
C26413,Sample Student 3192,student3192@example.com,Information Technology,2027
C26414,Sample Student 3193,student3193@example.com,Computer Engineering,2027
C26415,Sample Student 3194,student3194@example.com,Information Technology,2027
C26416,Sample Student 3195,student3195@example.com,Computer Engineering,2027
C26417,Sample Student 3196,student3196@example.com,Information Technology,2027
C26418,Sample Student 3197,student3197@example.com,Computer Engineering,2027
C26419,Sample Student 3198,student3198@example.com,Information Technology,2027
C26420,Sample Student 3199,student3199@example.com,Computer Engineering,2027
C26421,Sample Student 3200,student3200@example.com,Information Technology,2027
C26422,Sample Student 3201,student3201@example.com,Computer Engineering,2027
C26423,Sample Student 3202,student3202@example.com,Information Technology,2027
C26424,Sample Student 3203,student3203@example.com,Computer Engineering,2027
C26425,Sample Student 3204,student3204@example.com,Information Technology,2027
C26426,Sample Student 3205,student3205@example.com,Computer Engineering,2027
C26427,Sample Student 3206,student3206@example.com,Information Technology,2027
C26428,Sample Student 3207,student3207@example.com,Computer Engineering,2027
C26429,Sample Student 3208,student3208@example.com,Information Technology,2027
C26430,Sample Student 3209,student3209@example.com,Computer Engineering,2027
C26431,Sample Student 3210,student3210@example.com,Information Technology,2027
C26432,Sample Student 3211,student3211@example.com,Computer Engineering,2027
C26433,Sample Student 3212,student3212@example.com,Information Technology,2027
C26434,Sample Student 3213,student3213@example.com,Computer Engineering,2027
C26435,Sample Student 3214,student3214@example.com,Information Technology,2027
C26436,Sample Student 3215,student3215@example.com,Computer Engineering,2027
C26437,Sample Student 3216,student3216@example.com,Information Technology,2027
C26438,Sample Student 3217,student3217@example.com,Computer Engineering,2027
C26439,Sample Student 3218,student3218@example.com,Information Technology,2027
C26440,Sample Student 3219,student3219@example.com,Computer Engineering,2027
C26441,Sample Student 3220,student3220@example.com,Information Technology,2027
C26442,Sample Student 3221,student3221@example.com,Computer Engineering,2027
C26443,Sample Student 3222,student3222@example.com,Information Technology,2027
C26444,Sample Student 3223,student3223@example.com,Computer Engineering,2027
C26445,Sample Student 3224,student3224@example.com,Information Technology,2027
C26446,Sample Student 3225,student3225@example.com,Computer Engineering,2027
C26447,Sample Student 3226,student3226@example.com,Information Technology,2027
C26448,Sample Student 3227,student3227@example.com,Computer Engineering,2027
C26449,Sample Student 3228,student3228@example.com,Information Technology,2027
C26450,Sample Student 3229,student3229@example.com,Computer Engineering,2027
C26451,Sample Student 3230,student3230@example.com,Information Technology,2027
C26452,Sample Student 3231,student3231@example.com,Computer Engineering,2027
C26453,Sample Student 3232,student3232@example.com,Information Technology,2027
C26454,Sample Student 3233,student3233@example.com,Computer Engineering,2027
C26455,Sample Student 3234,student3234@example.com,Information Technology,2027
C26456,Sample Student 3235,student3235@example.com,Computer Engineering,2027
C26457,Sample Student 3236,student3236@example.com,Information Technology,2027
C26458,Sample Student 3237,student3237@example.com,Computer Engineering,2027
C26459,Sample Student 3238,student3238@example.com,Information Technology,2027
C26460,Sample Student 3239,student3239@example.com,Computer Engineering,2027
C26461,Sample Student 3240,student3240@example.com,Information Technology,2027
C26462,Sample Student 3241,student3241@example.com,Computer Engineering,2027
C26463,Sample Student 3242,student3242@example.com,Information Technology,2027
C26464,Sample Student 3243,student3243@example.com,Computer Engineering,2027
C26465,Sample Student 3244,student3244@example.com,Information Technology,2027
C26466,Sample Student 3245,student3245@example.com,Computer Engineering,2027
C26467,Sample Student 3246,student3246@example.com,Information Technology,2027
C26468,Sample Student 3247,student3247@example.com,Computer Engineering,2027
C26469,Sample Student 3248,student3248@example.com,Information Technology,2027
C26470,Sample Student 3249,student3249@example.com,Computer Engineering,2027
C26471,Sample Student 3250,student3250@example.com,Information Technology,2027
C26472,Sample Student 3251,student3251@example.com,Computer Engineering,2027
C26473,Sample Student 3252,student3252@example.com,Information Technology,2027
C26474,Sample Student 3253,student3253@example.com,Computer Engineering,2027
C26475,Sample Student 3254,student3254@example.com,Information Technology,2027
C26476,Sample Student 3255,student3255@example.com,Computer Engineering,2027
C26477,Sample Student 3256,student3256@example.com,Information Technology,2027
C26478,Sample Student 3257,student3257@example.com,Computer Engineering,2027
C26479,Sample Student 3258,student3258@example.com,Information Technology,2027
C26480,Sample Student 3259,student3259@example.com,Computer Engineering,2027
C26481,Sample Student 3260,student3260@example.com,Information Technology,2027
C26482,Sample Student 3261,student3261@example.com,Computer Engineering,2027
C26483,Sample Student 3262,student3262@example.com,Information Technology,2027
C26484,Sample Student 3263,student3263@example.com,Computer Engineering,2027
C26485,Sample Student 3264,student3264@example.com,Information Technology,2027
C26486,Sample Student 3265,student3265@example.com,Computer Engineering,2027
C26487,Sample Student 3266,student3266@example.com,Information Technology,2027
C26488,Sample Student 3267,student3267@example.com,Computer Engineering,2027
C26489,Sample Student 3268,student3268@example.com,Information Technology,2027
C26490,Sample Student 3269,student3269@example.com,Computer Engineering,2027
C26491,Sample Student 3270,student3270@example.com,Information Technology,2027
C26492,Sample Student 3271,student3271@example.com,Computer Engineering,2027
C26493,Sample Student 3272,student3272@example.com,Information Technology,2027
C26494,Sample Student 3273,student3273@example.com,Computer Engineering,2027
C26495,Sample Student 3274,student3274@example.com,Information Technology,2027
C26496,Sample Student 3275,student3275@example.com,Computer Engineering,2027
C26497,Sample Student 3276,student3276@example.com,Information Technology,2027
C26498,Sample Student 3277,student3277@example.com,Computer Engineering,2027
C26499,Sample Student 3278,student3278@example.com,Information Technology,2027
C26500,Sample Student 3279,student3279@example.com,Computer Engineering,2027
C26501,Sample Student 3280,student3280@example.com,Information Technology,2027
C26502,Sample Student 3281,student3281@example.com,Computer Engineering,2027
C26503,Sample Student 3282,student3282@example.com,Information Technology,2027
C26504,Sample Student 3283,student3283@example.com,Computer Engineering,2027
C26505,Sample Student 3284,student3284@example.com,Information Technology,2027
C26506,Sample Student 3285,student3285@example.com,Computer Engineering,2027
C26507,Sample Student 3286,student3286@example.com,Information Technology,2027
C26508,Sample Student 3287,student3287@example.com,Computer Engineering,2027
C26509,Sample Student 3288,student3288@example.com,Information Technology,2027
C26510,Sample Student 3289,student3289@example.com,Computer Engineering,2027
C26511,Sample Student 3290,student3290@example.com,Information Technology,2027
C26512,Sample Student 3291,student3291@example.com,Computer Engineering,2027
C26513,Sample Student 3292,student3292@example.com,Information Technology,2027
C26514,Sample Student 3293,student3293@example.com,Computer Engineering,2027
C26515,Sample Student 3294,student3294@example.com,Information Technology,2027
C26516,Sample Student 3295,student3295@example.com,Computer Engineering,2027
C26517,Sample Student 3296,student3296@example.com,Information Technology,2027
C26518,Sample Student 3297,student3297@example.com,Computer Engineering,2027
C26519,Sample Student 3298,student3298@example.com,Information Technology,2027
C26520,Sample Student 3299,student3299@example.com,Computer Engineering,2027
C26521,Sample Student 3300,student3300@example.com,Information Technology,2027
C26522,Sample Student 3301,student3301@example.com,Computer Engineering,2027
C26523,Sample Student 3302,student3302@example.com,Information Technology,2027
C26524,Sample Student 3303,student3303@example.com,Computer Engineering,2027
C26525,Sample Student 3304,student3304@example.com,Information Technology,2027
C26526,Sample Student 3305,student3305@example.com,Computer Engineering,2027
C26527,Sample Student 3306,student3306@example.com,Information Technology,2027
C26528,Sample Student 3307,student3307@example.com,Computer Engineering,2027
C26529,Sample Student 3308,student3308@example.com,Information Technology,2027
C26530,Sample Student 3309,student3309@example.com,Computer Engineering,2027
C26531,Sample Student 3310,student3310@example.com,Information Technology,2027
C26532,Sample Student 3311,student3311@example.com,Computer Engineering,2027
C26533,Sample Student 3312,student3312@example.com,Information Technology,2027
C26534,Sample Student 3313,student3313@example.com,Computer Engineering,2027
C26535,Sample Student 3314,student3314@example.com,Information Technology,2027
C26536,Sample Student 3315,student3315@example.com,Computer Engineering,2027
C26537,Sample Student 3316,student3316@example.com,Information Technology,2027
C26538,Sample Student 3317,student3317@example.com,Computer Engineering,2027
C26539,Sample Student 3318,student3318@example.com,Information Technology,2027
C26540,Sample Student 3319,student3319@example.com,Computer Engineering,2027
C26541,Sample Student 3320,student3320@example.com,Information Technology,2027
C26542,Sample Student 3321,student3321@example.com,Computer Engineering,2027
C26543,Sample Student 3322,student3322@example.com,Information Technology,2027
C26544,Sample Student 3323,student3323@example.com,Computer Engineering,2027
C26545,Sample Student 3324,student3324@example.com,Information Technology,2027
C26546,Sample Student 3325,student3325@example.com,Computer Engineering,2027
C26547,Sample Student 3326,student3326@example.com,Information Technology,2027
C26548,Sample Student 3327,student3327@example.com,Computer Engineering,2027
C26549,Sample Student 3328,student3328@example.com,Information Technology,2027
C26550,Sample Student 3329,student3329@example.com,Computer Engineering,2027
C26551,Sample Student 3330,student3330@example.com,Information Technology,2027
C26552,Sample Student 3331,student3331@example.com,Computer Engineering,2027
C26553,Sample Student 3332,student3332@example.com,Information Technology,2027
C26554,Sample Student 3333,student3333@example.com,Computer Engineering,2027
C26555,Sample Student 3334,student3334@example.com,Information Technology,2027
C26556,Sample Student 3335,student3335@example.com,Computer Engineering,2027
C26557,Sample Student 3336,student3336@example.com,Information Technology,2027
C26558,Sample Student 3337,student3337@example.com,Computer Engineering,2027
C26559,Sample Student 3338,student3338@example.com,Information Technology,2027
C26560,Sample Student 3339,student3339@example.com,Computer Engineering,2027
C26561,Sample Student 3340,student3340@example.com,Information Technology,2027
C26562,Sample Student 3341,student3341@example.com,Computer Engineering,2027
C26563,Sample Student 3342,student3342@example.com,Information Technology,2027
C26564,Sample Student 3343,student3343@example.com,Computer Engineering,2027
C26565,Sample Student 3344,student3344@example.com,Information Technology,2027
C26566,Sample Student 3345,student3345@example.com,Computer Engineering,2027
C26567,Sample Student 3346,student3346@example.com,Information Technology,2027
C26568,Sample Student 3347,student3347@example.com,Computer Engineering,2027
C26569,Sample Student 3348,student3348@example.com,Information Technology,2027
C26570,Sample Student 3349,student3349@example.com,Computer Engineering,2027
C26571,Sample Student 3350,student3350@example.com,Information Technology,2027
C26572,Sample Student 3351,student3351@example.com,Computer Engineering,2027
C26573,Sample Student 3352,student3352@example.com,Information Technology,2027
C26574,Sample Student 3353,student3353@example.com,Computer Engineering,2027
C26575,Sample Student 3354,student3354@example.com,Information Technology,2027
C26576,Sample Student 3355,student3355@example.com,Computer Engineering,2027
C26577,Sample Student 3356,student3356@example.com,Information Technology,2027
C26578,Sample Student 3357,student3357@example.com,Computer Engineering,2027
C26579,Sample Student 3358,student3358@example.com,Information Technology,2027
C26580,Sample Student 3359,student3359@example.com,Computer Engineering,2027
C26581,Sample Student 3360,student3360@example.com,Information Technology,2027
C26582,Sample Student 3361,student3361@example.com,Computer Engineering,2027
C26583,Sample Student 3362,student3362@example.com,Information Technology,2027
C26584,Sample Student 3363,student3363@example.com,Computer Engineering,2027
C26585,Sample Student 3364,student3364@example.com,Information Technology,2027
C26586,Sample Student 3365,student3365@example.com,Computer Engineering,2027
C26587,Sample Student 3366,student3366@example.com,Information Technology,2027
C26588,Sample Student 3367,student3367@example.com,Computer Engineering,2027
C26589,Sample Student 3368,student3368@example.com,Information Technology,2027
C26590,Sample Student 3369,student3369@example.com,Computer Engineering,2027
C26591,Sample Student 3370,student3370@example.com,Information Technology,2027
C26592,Sample Student 3371,student3371@example.com,Computer Engineering,2027
C26593,Sample Student 3372,student3372@example.com,Information Technology,2027
C26594,Sample Student 3373,student3373@example.com,Computer Engineering,2027
C26595,Sample Student 3374,student3374@example.com,Information Technology,2027
C26596,Sample Student 3375,student3375@example.com,Computer Engineering,2027
C26597,Sample Student 3376,student3376@example.com,Information Technology,2027
C26598,Sample Student 3377,student3377@example.com,Computer Engineering,2027
C26599,Sample Student 3378,student3378@example.com,Information Technology,2027
C26600,Sample Student 3379,student3379@example.com,Computer Engineering,2027
C26601,Sample Student 3380,student3380@example.com,Information Technology,2027
C26602,Sample Student 3381,student3381@example.com,Computer Engineering,2027
C26603,Sample Student 3382,student3382@example.com,Information Technology,2027
C26604,Sample Student 3383,student3383@example.com,Computer Engineering,2027
C26605,Sample Student 3384,student3384@example.com,Information Technology,2027
C26606,Sample Student 3385,student3385@example.com,Computer Engineering,2027
C26607,Sample Student 3386,student3386@example.com,Information Technology,2027
C26608,Sample Student 3387,student3387@example.com,Computer Engineering,2027
C26609,Sample Student 3388,student3388@example.com,Information Technology,2027
C26610,Sample Student 3389,student3389@example.com,Computer Engineering,2027
C26611,Sample Student 3390,student3390@example.com,Information Technology,2027
C26612,Sample Student 3391,student3391@example.com,Computer Engineering,2027
C26613,Sample Student 3392,student3392@example.com,Information Technology,2027
C26614,Sample Student 3393,student3393@example.com,Computer Engineering,2027
C26615,Sample Student 3394,student3394@example.com,Information Technology,2027
C26616,Sample Student 3395,student3395@example.com,Computer Engineering,2027
C26617,Sample Student 3396,student3396@example.com,Information Technology,2027
C26618,Sample Student 3397,student3397@example.com,Computer Engineering,2027
C26619,Sample Student 3398,student3398@example.com,Information Technology,2027
C26620,Sample Student 3399,student3399@example.com,Computer Engineering,2027
C26621,Sample Student 3400,student3400@example.com,Information Technology,2027
C26622,Sample Student 3401,student3401@example.com,Computer Engineering,2027
C26623,Sample Student 3402,student3402@example.com,Information Technology,2027
C26624,Sample Student 3403,student3403@example.com,Computer Engineering,2027
C26625,Sample Student 3404,student3404@example.com,Information Technology,2027
C26626,Sample Student 3405,student3405@example.com,Computer Engineering,2027
C26627,Sample Student 3406,student3406@example.com,Information Technology,2027
C26628,Sample Student 3407,student3407@example.com,Computer Engineering,2027
C26629,Sample Student 3408,student3408@example.com,Information Technology,2027
C26630,Sample Student 3409,student3409@example.com,Computer Engineering,2027
C26631,Sample Student 3410,student3410@example.com,Information Technology,2027
C26632,Sample Student 3411,student3411@example.com,Computer Engineering,2027
C26633,Sample Student 3412,student3412@example.com,Information Technology,2027
C26634,Sample Student 3413,student3413@example.com,Computer Engineering,2027
C26635,Sample Student 3414,student3414@example.com,Information Technology,2027
C26636,Sample Student 3415,student3415@example.com,Computer Engineering,2027
C26637,Sample Student 3416,student3416@example.com,Information Technology,2027
C26638,Sample Student 3417,student3417@example.com,Computer Engineering,2027
C26639,Sample Student 3418,student3418@example.com,Information Technology,2027
C26640,Sample Student 3419,student3419@example.com,Computer Engineering,2027
C26641,Sample Student 3420,student3420@example.com,Information Technology,2027
C26642,Sample Student 3421,student3421@example.com,Computer Engineering,2027
C26643,Sample Student 3422,student3422@example.com,Information Technology,2027
C26644,Sample Student 3423,student3423@example.com,Computer Engineering,2027
C26645,Sample Student 3424,student3424@example.com,Information Technology,2027
C26646,Sample Student 3425,student3425@example.com,Computer Engineering,2027
C26647,Sample Student 3426,student3426@example.com,Information Technology,2027
C26648,Sample Student 3427,student3427@example.com,Computer Engineering,2027
C26649,Sample Student 3428,student3428@example.com,Information Technology,2027
C26650,Sample Student 3429,student3429@example.com,Computer Engineering,2027
C26651,Sample Student 3430,student3430@example.com,Information Technology,2027
C26652,Sample Student 3431,student3431@example.com,Computer Engineering,2027
C26653,Sample Student 3432,student3432@example.com,Information Technology,2027
C26654,Sample Student 3433,student3433@example.com,Computer Engineering,2027
C26655,Sample Student 3434,student3434@example.com,Information Technology,2027
C26656,Sample Student 3435,student3435@example.com,Computer Engineering,2027
C26657,Sample Student 3436,student3436@example.com,Information Technology,2027
C26658,Sample Student 3437,student3437@example.com,Computer Engineering,2027
C26659,Sample Student 3438,student3438@example.com,Information Technology,2027
C26660,Sample Student 3439,student3439@example.com,Computer Engineering,2027
C26661,Sample Student 3440,student3440@example.com,Information Technology,2027
C26662,Sample Student 3441,student3441@example.com,Computer Engineering,2027
C26663,Sample Student 3442,student3442@example.com,Information Technology,2027
C26664,Sample Student 3443,student3443@example.com,Computer Engineering,2027
C26665,Sample Student 3444,student3444@example.com,Information Technology,2027
C26666,Sample Student 3445,student3445@example.com,Computer Engineering,2027
C26667,Sample Student 3446,student3446@example.com,Information Technology,2027
C26668,Sample Student 3447,student3447@example.com,Computer Engineering,2027
C26669,Sample Student 3448,student3448@example.com,Information Technology,2027
C26670,Sample Student 3449,student3449@example.com,Computer Engineering,2027
C26671,Sample Student 3450,student3450@example.com,Information Technology,2027
C26672,Sample Student 3451,student3451@example.com,Computer Engineering,2027
C26673,Sample Student 3452,student3452@example.com,Information Technology,2027
C26674,Sample Student 3453,student3453@example.com,Computer Engineering,2027
C26675,Sample Student 3454,student3454@example.com,Information Technology,2027
C26676,Sample Student 3455,student3455@example.com,Computer Engineering,2027
C26677,Sample Student 3456,student3456@example.com,Information Technology,2027
C26678,Sample Student 3457,student3457@example.com,Computer Engineering,2027
C26679,Sample Student 3458,student3458@example.com,Information Technology,2027
C26680,Sample Student 3459,student3459@example.com,Computer Engineering,2027
C26681,Sample Student 3460,student3460@example.com,Information Technology,2027
C26682,Sample Student 3461,student3461@example.com,Computer Engineering,2027
C26683,Sample Student 3462,student3462@example.com,Information Technology,2027
C26684,Sample Student 3463,student3463@example.com,Computer Engineering,2027
C26685,Sample Student 3464,student3464@example.com,Information Technology,2027
C26686,Sample Student 3465,student3465@example.com,Computer Engineering,2027
C26687,Sample Student 3466,student3466@example.com,Information Technology,2027
C26688,Sample Student 3467,student3467@example.com,Computer Engineering,2027
C26689,Sample Student 3468,student3468@example.com,Information Technology,2027
C26690,Sample Student 3469,student3469@example.com,Computer Engineering,2027
C26691,Sample Student 3470,student3470@example.com,Information Technology,2027
C26692,Sample Student 3471,student3471@example.com,Computer Engineering,2027
C26693,Sample Student 3472,student3472@example.com,Information Technology,2027
C26694,Sample Student 3473,student3473@example.com,Computer Engineering,2027
C26695,Sample Student 3474,student3474@example.com,Information Technology,2027
C26696,Sample Student 3475,student3475@example.com,Computer Engineering,2027
C26697,Sample Student 3476,student3476@example.com,Information Technology,2027
C26698,Sample Student 3477,student3477@example.com,Computer Engineering,2027
C26699,Sample Student 3478,student3478@example.com,Information Technology,2027
C26700,Sample Student 3479,student3479@example.com,Computer Engineering,2027
C26701,Sample Student 3480,student3480@example.com,Information Technology,2027
C26702,Sample Student 3481,student3481@example.com,Computer Engineering,2027
C26703,Sample Student 3482,student3482@example.com,Information Technology,2027
C26704,Sample Student 3483,student3483@example.com,Computer Engineering,2027
C26705,Sample Student 3484,student3484@example.com,Information Technology,2027
C26706,Sample Student 3485,student3485@example.com,Computer Engineering,2027
C26707,Sample Student 3486,student3486@example.com,Information Technology,2027
C26708,Sample Student 3487,student3487@example.com,Computer Engineering,2027
C26709,Sample Student 3488,student3488@example.com,Information Technology,2027
C26710,Sample Student 3489,student3489@example.com,Computer Engineering,2027
C26711,Sample Student 3490,student3490@example.com,Information Technology,2027
C26712,Sample Student 3491,student3491@example.com,Computer Engineering,2027
C26713,Sample Student 3492,student3492@example.com,Information Technology,2027
C26714,Sample Student 3493,student3493@example.com,Computer Engineering,2027
C26715,Sample Student 3494,student3494@example.com,Information Technology,2027
C26716,Sample Student 3495,student3495@example.com,Computer Engineering,2027
C26717,Sample Student 3496,student3496@example.com,Information Technology,2027
C26718,Sample Student 3497,student3497@example.com,Computer Engineering,2027
C26719,Sample Student 3498,student3498@example.com,Information Technology,2027
C26720,Sample Student 3499,student3499@example.com,Computer Engineering,2027
C26721,Sample Student 3500,student3500@example.com,Information Technology,2027
C26722,Sample Student 3501,student3501@example.com,Computer Engineering,2027
C26723,Sample Student 3502,student3502@example.com,Information Technology,2027
C26724,Sample Student 3503,student3503@example.com,Computer Engineering,2027
C26725,Sample Student 3504,student3504@example.com,Information Technology,2027
C26726,Sample Student 3505,student3505@example.com,Computer Engineering,2027
C26727,Sample Student 3506,student3506@example.com,Information Technology,2027
C26728,Sample Student 3507,student3507@example.com,Computer Engineering,2027
C26729,Sample Student 3508,student3508@example.com,Information Technology,2027
C26730,Sample Student 3509,student3509@example.com,Computer Engineering,2027
C26731,Sample Student 3510,student3510@example.com,Information Technology,2027
C26732,Sample Student 3511,student3511@example.com,Computer Engineering,2027
C26733,Sample Student 3512,student3512@example.com,Information Technology,2027
C26734,Sample Student 3513,student3513@example.com,Computer Engineering,2027
C26735,Sample Student 3514,student3514@example.com,Information Technology,2027
C26736,Sample Student 3515,student3515@example.com,Computer Engineering,2027
C26737,Sample Student 3516,student3516@example.com,Information Technology,2027
C26738,Sample Student 3517,student3517@example.com,Computer Engineering,2027
C26739,Sample Student 3518,student3518@example.com,Information Technology,2027
C26740,Sample Student 3519,student3519@example.com,Computer Engineering,2027
C26741,Sample Student 3520,student3520@example.com,Information Technology,2027
C26742,Sample Student 3521,student3521@example.com,Computer Engineering,2027
C26743,Sample Student 3522,student3522@example.com,Information Technology,2027
C26744,Sample Student 3523,student3523@example.com,Computer Engineering,2027
C26745,Sample Student 3524,student3524@example.com,Information Technology,2027
C26746,Sample Student 3525,student3525@example.com,Computer Engineering,2027
C26747,Sample Student 3526,student3526@example.com,Information Technology,2027
C26748,Sample Student 3527,student3527@example.com,Computer Engineering,2027
C26749,Sample Student 3528,student3528@example.com,Information Technology,2027
C26750,Sample Student 3529,student3529@example.com,Computer Engineering,2027
C26751,Sample Student 3530,student3530@example.com,Information Technology,2027
C26752,Sample Student 3531,student3531@example.com,Computer Engineering,2027
C26753,Sample Student 3532,student3532@example.com,Information Technology,2027
C26754,Sample Student 3533,student3533@example.com,Computer Engineering,2027
C26755,Sample Student 3534,student3534@example.com,Information Technology,2027
C26756,Sample Student 3535,student3535@example.com,Computer Engineering,2027
C26757,Sample Student 3536,student3536@example.com,Information Technology,2027
C26758,Sample Student 3537,student3537@example.com,Computer Engineering,2027
C26759,Sample Student 3538,student3538@example.com,Information Technology,2027
C26760,Sample Student 3539,student3539@example.com,Computer Engineering,2027
C26761,Sample Student 3540,student3540@example.com,Information Technology,2027
C26762,Sample Student 3541,student3541@example.com,Computer Engineering,2027
C26763,Sample Student 3542,student3542@example.com,Information Technology,2027
C26764,Sample Student 3543,student3543@example.com,Computer Engineering,2027
C26765,Sample Student 3544,student3544@example.com,Information Technology,2027
C26766,Sample Student 3545,student3545@example.com,Computer Engineering,2027
C26767,Sample Student 3546,student3546@example.com,Information Technology,2027
C26768,Sample Student 3547,student3547@example.com,Computer Engineering,2027
C26769,Sample Student 3548,student3548@example.com,Information Technology,2027
C26770,Sample Student 3549,student3549@example.com,Computer Engineering,2027
C26771,Sample Student 3550,student3550@example.com,Information Technology,2027
C26772,Sample Student 3551,student3551@example.com,Computer Engineering,2027
C26773,Sample Student 3552,student3552@example.com,Information Technology,2027
C26774,Sample Student 3553,student3553@example.com,Computer Engineering,2027
C26775,Sample Student 3554,student3554@example.com,Information Technology,2027
C26776,Sample Student 3555,student3555@example.com,Computer Engineering,2027
C26777,Sample Student 3556,student3556@example.com,Information Technology,2027
C26778,Sample Student 3557,student3557@example.com,Computer Engineering,2027
C26779,Sample Student 3558,student3558@example.com,Information Technology,2027
C26780,Sample Student 3559,student3559@example.com,Computer Engineering,2027
C26781,Sample Student 3560,student3560@example.com,Information Technology,2027
C26782,Sample Student 3561,student3561@example.com,Computer Engineering,2027
C26783,Sample Student 3562,student3562@example.com,Information Technology,2027
C26784,Sample Student 3563,student3563@example.com,Computer Engineering,2027
C26785,Sample Student 3564,student3564@example.com,Information Technology,2027
C26786,Sample Student 3565,student3565@example.com,Computer Engineering,2027
C26787,Sample Student 3566,student3566@example.com,Information Technology,2027
C26788,Sample Student 3567,student3567@example.com,Computer Engineering,2027
C26789,Sample Student 3568,student3568@example.com,Information Technology,2027
C26790,Sample Student 3569,student3569@example.com,Computer Engineering,2027
C26791,Sample Student 3570,student3570@example.com,Information Technology,2027
C26792,Sample Student 3571,student3571@example.com,Computer Engineering,2027
C26793,Sample Student 3572,student3572@example.com,Information Technology,2027
C26794,Sample Student 3573,student3573@example.com,Computer Engineering,2027
C26795,Sample Student 3574,student3574@example.com,Information Technology,2027
C26796,Sample Student 3575,student3575@example.com,Computer Engineering,2027
C26797,Sample Student 3576,student3576@example.com,Information Technology,2027
C26798,Sample Student 3577,student3577@example.com,Computer Engineering,2027
C26799,Sample Student 3578,student3578@example.com,Information Technology,2027
C26800,Sample Student 3579,student3579@example.com,Computer Engineering,2027
C26801,Sample Student 3580,student3580@example.com,Information Technology,2027
C26802,Sample Student 3581,student3581@example.com,Computer Engineering,2027
C26803,Sample Student 3582,student3582@example.com,Information Technology,2027
C26804,Sample Student 3583,student3583@example.com,Computer Engineering,2027
C26805,Sample Student 3584,student3584@example.com,Information Technology,2027
C26806,Sample Student 3585,student3585@example.com,Computer Engineering,2027
C26807,Sample Student 3586,student3586@example.com,Information Technology,2027
C26808,Sample Student 3587,student3587@example.com,Computer Engineering,2027
C26809,Sample Student 3588,student3588@example.com,Information Technology,2027
C26810,Sample Student 3589,student3589@example.com,Computer Engineering,2027
C26811,Sample Student 3590,student3590@example.com,Information Technology,2027
C26812,Sample Student 3591,student3591@example.com,Computer Engineering,2027
C26813,Sample Student 3592,student3592@example.com,Information Technology,2027
C26814,Sample Student 3593,student3593@example.com,Computer Engineering,2027
C26815,Sample Student 3594,student3594@example.com,Information Technology,2027
C26816,Sample Student 3595,student3595@example.com,Computer Engineering,2027
C26817,Sample Student 3596,student3596@example.com,Information Technology,2027
C26818,Sample Student 3597,student3597@example.com,Computer Engineering,2027
C26819,Sample Student 3598,student3598@example.com,Information Technology,2027
C26820,Sample Student 3599,student3599@example.com,Computer Engineering,2027
C26821,Sample Student 3600,student3600@example.com,Information Technology,2027
C26822,Sample Student 3601,student3601@example.com,Computer Engineering,2027
C26823,Sample Student 3602,student3602@example.com,Information Technology,2027
C26824,Sample Student 3603,student3603@example.com,Computer Engineering,2027
C26825,Sample Student 3604,student3604@example.com,Information Technology,2027
C26826,Sample Student 3605,student3605@example.com,Computer Engineering,2027
C26827,Sample Student 3606,student3606@example.com,Information Technology,2027
C26828,Sample Student 3607,student3607@example.com,Computer Engineering,2027
C26829,Sample Student 3608,student3608@example.com,Information Technology,2027
C26830,Sample Student 3609,student3609@example.com,Computer Engineering,2027
C26831,Sample Student 3610,student3610@example.com,Information Technology,2027
C26832,Sample Student 3611,student3611@example.com,Computer Engineering,2027
C26833,Sample Student 3612,student3612@example.com,Information Technology,2027
C26834,Sample Student 3613,student3613@example.com,Computer Engineering,2027
C26835,Sample Student 3614,student3614@example.com,Information Technology,2027
C26836,Sample Student 3615,student3615@example.com,Computer Engineering,2027
C26837,Sample Student 3616,student3616@example.com,Information Technology,2027
C26838,Sample Student 3617,student3617@example.com,Computer Engineering,2027
C26839,Sample Student 3618,student3618@example.com,Information Technology,2027
C26840,Sample Student 3619,student3619@example.com,Computer Engineering,2027
C26841,Sample Student 3620,student3620@example.com,Information Technology,2027
C26842,Sample Student 3621,student3621@example.com,Computer Engineering,2027
C26843,Sample Student 3622,student3622@example.com,Information Technology,2027
C26844,Sample Student 3623,student3623@example.com,Computer Engineering,2027
C26845,Sample Student 3624,student3624@example.com,Information Technology,2027
C26846,Sample Student 3625,student3625@example.com,Computer Engineering,2027
C26847,Sample Student 3626,student3626@example.com,Information Technology,2027
C26848,Sample Student 3627,student3627@example.com,Computer Engineering,2027
C26849,Sample Student 3628,student3628@example.com,Information Technology,2027
C26850,Sample Student 3629,student3629@example.com,Computer Engineering,2027
C26851,Sample Student 3630,student3630@example.com,Information Technology,2027
C26852,Sample Student 3631,student3631@example.com,Computer Engineering,2027
C26853,Sample Student 3632,student3632@example.com,Information Technology,2027
C26854,Sample Student 3633,student3633@example.com,Computer Engineering,2027
C26855,Sample Student 3634,student3634@example.com,Information Technology,2027
C26856,Sample Student 3635,student3635@example.com,Computer Engineering,2027
C26857,Sample Student 3636,student3636@example.com,Information Technology,2027
C26858,Sample Student 3637,student3637@example.com,Computer Engineering,2027
C26859,Sample Student 3638,student3638@example.com,Information Technology,2027
C26860,Sample Student 3639,student3639@example.com,Computer Engineering,2027
C26861,Sample Student 3640,student3640@example.com,Information Technology,2027
C26862,Sample Student 3641,student3641@example.com,Computer Engineering,2027
C26863,Sample Student 3642,student3642@example.com,Information Technology,2027
C26864,Sample Student 3643,student3643@example.com,Computer Engineering,2027
C26865,Sample Student 3644,student3644@example.com,Information Technology,2027
C26866,Sample Student 3645,student3645@example.com,Computer Engineering,2027
C26867,Sample Student 3646,student3646@example.com,Information Technology,2027
C26868,Sample Student 3647,student3647@example.com,Computer Engineering,2027
C26869,Sample Student 3648,student3648@example.com,Information Technology,2027
C26870,Sample Student 3649,student3649@example.com,Computer Engineering,2027
C26871,Sample Student 3650,student3650@example.com,Information Technology,2027
C26872,Sample Student 3651,student3651@example.com,Computer Engineering,2027
C26873,Sample Student 3652,student3652@example.com,Information Technology,2027
C26874,Sample Student 3653,student3653@example.com,Computer Engineering,2027
C26875,Sample Student 3654,student3654@example.com,Information Technology,2027
C26876,Sample Student 3655,student3655@example.com,Computer Engineering,2027
C26877,Sample Student 3656,student3656@example.com,Information Technology,2027
C26878,Sample Student 3657,student3657@example.com,Computer Engineering,2027
C26879,Sample Student 3658,student3658@example.com,Information Technology,2027
C26880,Sample Student 3659,student3659@example.com,Computer Engineering,2027
C26881,Sample Student 3660,student3660@example.com,Information Technology,2027
C26882,Sample Student 3661,student3661@example.com,Computer Engineering,2027
C26883,Sample Student 3662,student3662@example.com,Information Technology,2027
C26884,Sample Student 3663,student3663@example.com,Computer Engineering,2027
C26885,Sample Student 3664,student3664@example.com,Information Technology,2027
C26886,Sample Student 3665,student3665@example.com,Computer Engineering,2027
C26887,Sample Student 3666,student3666@example.com,Information Technology,2027
C26888,Sample Student 3667,student3667@example.com,Computer Engineering,2027
C26889,Sample Student 3668,student3668@example.com,Information Technology,2027
C26890,Sample Student 3669,student3669@example.com,Computer Engineering,2027
C26891,Sample Student 3670,student3670@example.com,Information Technology,2027
C26892,Sample Student 3671,student3671@example.com,Computer Engineering,2027
C26893,Sample Student 3672,student3672@example.com,Information Technology,2027
C26894,Sample Student 3673,student3673@example.com,Computer Engineering,2027
C26895,Sample Student 3674,student3674@example.com,Information Technology,2027
C26896,Sample Student 3675,student3675@example.com,Computer Engineering,2027
C26897,Sample Student 3676,student3676@example.com,Information Technology,2027
C26898,Sample Student 3677,student3677@example.com,Computer Engineering,2027
C26899,Sample Student 3678,student3678@example.com,Information Technology,2027
C26900,Sample Student 3679,student3679@example.com,Computer Engineering,2027
C26901,Sample Student 3680,student3680@example.com,Information Technology,2027
C26902,Sample Student 3681,student3681@example.com,Computer Engineering,2027
C26903,Sample Student 3682,student3682@example.com,Information Technology,2027
C26904,Sample Student 3683,student3683@example.com,Computer Engineering,2027
C26905,Sample Student 3684,student3684@example.com,Information Technology,2027
C26906,Sample Student 3685,student3685@example.com,Computer Engineering,2027
C26907,Sample Student 3686,student3686@example.com,Information Technology,2027
C26908,Sample Student 3687,student3687@example.com,Computer Engineering,2027
C26909,Sample Student 3688,student3688@example.com,Information Technology,2027
C26910,Sample Student 3689,student3689@example.com,Computer Engineering,2027
C26911,Sample Student 3690,student3690@example.com,Information Technology,2027
C26912,Sample Student 3691,student3691@example.com,Computer Engineering,2027
C26913,Sample Student 3692,student3692@example.com,Information Technology,2027
C26914,Sample Student 3693,student3693@example.com,Computer Engineering,2027
C26915,Sample Student 3694,student3694@example.com,Information Technology,2027
C26916,Sample Student 3695,student3695@example.com,Computer Engineering,2027
C26917,Sample Student 3696,student3696@example.com,Information Technology,2027
C26918,Sample Student 3697,student3697@example.com,Computer Engineering,2027
C26919,Sample Student 3698,student3698@example.com,Information Technology,2027
C26920,Sample Student 3699,student3699@example.com,Computer Engineering,2027
C26921,Sample Student 3700,student3700@example.com,Information Technology,2027
C26922,Sample Student 3701,student3701@example.com,Computer Engineering,2027
C26923,Sample Student 3702,student3702@example.com,Information Technology,2027
C26924,Sample Student 3703,student3703@example.com,Computer Engineering,2027
C26925,Sample Student 3704,student3704@example.com,Information Technology,2027
C26926,Sample Student 3705,student3705@example.com,Computer Engineering,2027
C26927,Sample Student 3706,student3706@example.com,Information Technology,2027
C26928,Sample Student 3707,student3707@example.com,Computer Engineering,2027
C26929,Sample Student 3708,student3708@example.com,Information Technology,2027
C26930,Sample Student 3709,student3709@example.com,Computer Engineering,2027
C26931,Sample Student 3710,student3710@example.com,Information Technology,2027
C26932,Sample Student 3711,student3711@example.com,Computer Engineering,2027
C26933,Sample Student 3712,student3712@example.com,Information Technology,2027
C26934,Sample Student 3713,student3713@example.com,Computer Engineering,2027
C26935,Sample Student 3714,student3714@example.com,Information Technology,2027
C26936,Sample Student 3715,student3715@example.com,Computer Engineering,2027
C26937,Sample Student 3716,student3716@example.com,Information Technology,2027
C26938,Sample Student 3717,student3717@example.com,Computer Engineering,2027
C26939,Sample Student 3718,student3718@example.com,Information Technology,2027
C26940,Sample Student 3719,student3719@example.com,Computer Engineering,2027
C26941,Sample Student 3720,student3720@example.com,Information Technology,2027
C26942,Sample Student 3721,student3721@example.com,Computer Engineering,2027
C26943,Sample Student 3722,student3722@example.com,Information Technology,2027
C26944,Sample Student 3723,student3723@example.com,Computer Engineering,2027
C26945,Sample Student 3724,student3724@example.com,Information Technology,2027
C26946,Sample Student 3725,student3725@example.com,Computer Engineering,2027
C26947,Sample Student 3726,student3726@example.com,Information Technology,2027
C26948,Sample Student 3727,student3727@example.com,Computer Engineering,2027
C26949,Sample Student 3728,student3728@example.com,Information Technology,2027
C26950,Sample Student 3729,student3729@example.com,Computer Engineering,2027
C26951,Sample Student 3730,student3730@example.com,Information Technology,2027
C26952,Sample Student 3731,student3731@example.com,Computer Engineering,2027
C26953,Sample Student 3732,student3732@example.com,Information Technology,2027
C26954,Sample Student 3733,student3733@example.com,Computer Engineering,2027
C26955,Sample Student 3734,student3734@example.com,Information Technology,2027
C26956,Sample Student 3735,student3735@example.com,Computer Engineering,2027
C26957,Sample Student 3736,student3736@example.com,Information Technology,2027
C26958,Sample Student 3737,student3737@example.com,Computer Engineering,2027
C26959,Sample Student 3738,student3738@example.com,Information Technology,2027
C26960,Sample Student 3739,student3739@example.com,Computer Engineering,2027
C26961,Sample Student 3740,student3740@example.com,Information Technology,2027
C26962,Sample Student 3741,student3741@example.com,Computer Engineering,2027
C26963,Sample Student 3742,student3742@example.com,Information Technology,2027
C26964,Sample Student 3743,student3743@example.com,Computer Engineering,2027
C26965,Sample Student 3744,student3744@example.com,Information Technology,2027
C26966,Sample Student 3745,student3745@example.com,Computer Engineering,2027
C26967,Sample Student 3746,student3746@example.com,Information Technology,2027
C26968,Sample Student 3747,student3747@example.com,Computer Engineering,2027
C26969,Sample Student 3748,student3748@example.com,Information Technology,2027
C26970,Sample Student 3749,student3749@example.com,Computer Engineering,2027
C26971,Sample Student 3750,student3750@example.com,Information Technology,2027
C26972,Sample Student 3751,student3751@example.com,Computer Engineering,2027
C26973,Sample Student 3752,student3752@example.com,Information Technology,2027
C26974,Sample Student 3753,student3753@example.com,Computer Engineering,2027
C26975,Sample Student 3754,student3754@example.com,Information Technology,2027
C26976,Sample Student 3755,student3755@example.com,Computer Engineering,2027
C26977,Sample Student 3756,student3756@example.com,Information Technology,2027
C26978,Sample Student 3757,student3757@example.com,Computer Engineering,2027
C26979,Sample Student 3758,student3758@example.com,Information Technology,2027
C26980,Sample Student 3759,student3759@example.com,Computer Engineering,2027
C26981,Sample Student 3760,student3760@example.com,Information Technology,2027
C26982,Sample Student 3761,student3761@example.com,Computer Engineering,2027
C26983,Sample Student 3762,student3762@example.com,Information Technology,2027
C26984,Sample Student 3763,student3763@example.com,Computer Engineering,2027
C26985,Sample Student 3764,student3764@example.com,Information Technology,2027
C26986,Sample Student 3765,student3765@example.com,Computer Engineering,2027
C26987,Sample Student 3766,student3766@example.com,Information Technology,2027
C26988,Sample Student 3767,student3767@example.com,Computer Engineering,2027
C26989,Sample Student 3768,student3768@example.com,Information Technology,2027
C26990,Sample Student 3769,student3769@example.com,Computer Engineering,2027
C26991,Sample Student 3770,student3770@example.com,Information Technology,2027
C26992,Sample Student 3771,student3771@example.com,Computer Engineering,2027
C26993,Sample Student 3772,student3772@example.com,Information Technology,2027
C26994,Sample Student 3773,student3773@example.com,Computer Engineering,2027
C26995,Sample Student 3774,student3774@example.com,Information Technology,2027
C26996,Sample Student 3775,student3775@example.com,Computer Engineering,2027
C26997,Sample Student 3776,student3776@example.com,Information Technology,2027
C26998,Sample Student 3777,student3777@example.com,Computer Engineering,2027
C26999,Sample Student 3778,student3778@example.com,Information Technology,2027
C27000,Sample Student 3779,student3779@example.com,Computer Engineering,2027
C27001,Sample Student 3780,student3780@example.com,Information Technology,2027
C27002,Sample Student 3781,student3781@example.com,Computer Engineering,2027
C27003,Sample Student 3782,student3782@example.com,Information Technology,2027
C27004,Sample Student 3783,student3783@example.com,Computer Engineering,2027
C27005,Sample Student 3784,student3784@example.com,Information Technology,2027
C27006,Sample Student 3785,student3785@example.com,Computer Engineering,2027
C27007,Sample Student 3786,student3786@example.com,Information Technology,2027
C27008,Sample Student 3787,student3787@example.com,Computer Engineering,2027
C27009,Sample Student 3788,student3788@example.com,Information Technology,2027
C27010,Sample Student 3789,student3789@example.com,Computer Engineering,2027
C27011,Sample Student 3790,student3790@example.com,Information Technology,2027
C27012,Sample Student 3791,student3791@example.com,Computer Engineering,2027
C27013,Sample Student 3792,student3792@example.com,Information Technology,2027
C27014,Sample Student 3793,student3793@example.com,Computer Engineering,2027
C27015,Sample Student 3794,student3794@example.com,Information Technology,2027
C27016,Sample Student 3795,student3795@example.com,Computer Engineering,2027
C27017,Sample Student 3796,student3796@example.com,Information Technology,2027
C27018,Sample Student 3797,student3797@example.com,Computer Engineering,2027
C27019,Sample Student 3798,student3798@example.com,Information Technology,2027
C27020,Sample Student 3799,student3799@example.com,Computer Engineering,2027
C27021,Sample Student 3800,student3800@example.com,Information Technology,2027
C27022,Sample Student 3801,student3801@example.com,Computer Engineering,2027
C27023,Sample Student 3802,student3802@example.com,Information Technology,2027
C27024,Sample Student 3803,student3803@example.com,Computer Engineering,2027
C27025,Sample Student 3804,student3804@example.com,Information Technology,2027
C27026,Sample Student 3805,student3805@example.com,Computer Engineering,2027
C27027,Sample Student 3806,student3806@example.com,Information Technology,2027
C27028,Sample Student 3807,student3807@example.com,Computer Engineering,2027
C27029,Sample Student 3808,student3808@example.com,Information Technology,2027
C27030,Sample Student 3809,student3809@example.com,Computer Engineering,2027
C27031,Sample Student 3810,student3810@example.com,Information Technology,2027
C27032,Sample Student 3811,student3811@example.com,Computer Engineering,2027
C27033,Sample Student 3812,student3812@example.com,Information Technology,2027
C27034,Sample Student 3813,student3813@example.com,Computer Engineering,2027
C27035,Sample Student 3814,student3814@example.com,Information Technology,2027
C27036,Sample Student 3815,student3815@example.com,Computer Engineering,2027
C27037,Sample Student 3816,student3816@example.com,Information Technology,2027
C27038,Sample Student 3817,student3817@example.com,Computer Engineering,2027
C27039,Sample Student 3818,student3818@example.com,Information Technology,2027
C27040,Sample Student 3819,student3819@example.com,Computer Engineering,2027
C27041,Sample Student 3820,student3820@example.com,Information Technology,2027
C27042,Sample Student 3821,student3821@example.com,Computer Engineering,2027
C27043,Sample Student 3822,student3822@example.com,Information Technology,2027
C27044,Sample Student 3823,student3823@example.com,Computer Engineering,2027
C27045,Sample Student 3824,student3824@example.com,Information Technology,2027
C27046,Sample Student 3825,student3825@example.com,Computer Engineering,2027
C27047,Sample Student 3826,student3826@example.com,Information Technology,2027
C27048,Sample Student 3827,student3827@example.com,Computer Engineering,2027
C27049,Sample Student 3828,student3828@example.com,Information Technology,2027
C27050,Sample Student 3829,student3829@example.com,Computer Engineering,2027
C27051,Sample Student 3830,student3830@example.com,Information Technology,2027
C27052,Sample Student 3831,student3831@example.com,Computer Engineering,2027
C27053,Sample Student 3832,student3832@example.com,Information Technology,2027
C27054,Sample Student 3833,student3833@example.com,Computer Engineering,2027
C27055,Sample Student 3834,student3834@example.com,Information Technology,2027
C27056,Sample Student 3835,student3835@example.com,Computer Engineering,2027
C27057,Sample Student 3836,student3836@example.com,Information Technology,2027
C27058,Sample Student 3837,student3837@example.com,Computer Engineering,2027
C27059,Sample Student 3838,student3838@example.com,Information Technology,2027
C27060,Sample Student 3839,student3839@example.com,Computer Engineering,2027
C27061,Sample Student 3840,student3840@example.com,Information Technology,2027
C27062,Sample Student 3841,student3841@example.com,Computer Engineering,2027
C27063,Sample Student 3842,student3842@example.com,Information Technology,2027
C27064,Sample Student 3843,student3843@example.com,Computer Engineering,2027
C27065,Sample Student 3844,student3844@example.com,Information Technology,2027
C27066,Sample Student 3845,student3845@example.com,Computer Engineering,2027
C27067,Sample Student 3846,student3846@example.com,Information Technology,2027
C27068,Sample Student 3847,student3847@example.com,Computer Engineering,2027
C27069,Sample Student 3848,student3848@example.com,Information Technology,2027
C27070,Sample Student 3849,student3849@example.com,Computer Engineering,2027
C27071,Sample Student 3850,student3850@example.com,Information Technology,2027
C27072,Sample Student 3851,student3851@example.com,Computer Engineering,2027
C27073,Sample Student 3852,student3852@example.com,Information Technology,2027
C27074,Sample Student 3853,student3853@example.com,Computer Engineering,2027
C27075,Sample Student 3854,student3854@example.com,Information Technology,2027
C27076,Sample Student 3855,student3855@example.com,Computer Engineering,2027
C27077,Sample Student 3856,student3856@example.com,Information Technology,2027
C27078,Sample Student 3857,student3857@example.com,Computer Engineering,2027
C27079,Sample Student 3858,student3858@example.com,Information Technology,2027
C27080,Sample Student 3859,student3859@example.com,Computer Engineering,2027
C27081,Sample Student 3860,student3860@example.com,Information Technology,2027
C27082,Sample Student 3861,student3861@example.com,Computer Engineering,2027
C27083,Sample Student 3862,student3862@example.com,Information Technology,2027
C27084,Sample Student 3863,student3863@example.com,Computer Engineering,2027
C27085,Sample Student 3864,student3864@example.com,Information Technology,2027
C27086,Sample Student 3865,student3865@example.com,Computer Engineering,2027
C27087,Sample Student 3866,student3866@example.com,Information Technology,2027
C27088,Sample Student 3867,student3867@example.com,Computer Engineering,2027
C27089,Sample Student 3868,student3868@example.com,Information Technology,2027
C27090,Sample Student 3869,student3869@example.com,Computer Engineering,2027
C27091,Sample Student 3870,student3870@example.com,Information Technology,2027
C27092,Sample Student 3871,student3871@example.com,Computer Engineering,2027
C27093,Sample Student 3872,student3872@example.com,Information Technology,2027
C27094,Sample Student 3873,student3873@example.com,Computer Engineering,2027
C27095,Sample Student 3874,student3874@example.com,Information Technology,2027
C27096,Sample Student 3875,student3875@example.com,Computer Engineering,2027
C27097,Sample Student 3876,student3876@example.com,Information Technology,2027
C27098,Sample Student 3877,student3877@example.com,Computer Engineering,2027
C27099,Sample Student 3878,student3878@example.com,Information Technology,2027
C27100,Sample Student 3879,student3879@example.com,Computer Engineering,2027
C27101,Sample Student 3880,student3880@example.com,Information Technology,2027
C27102,Sample Student 3881,student3881@example.com,Computer Engineering,2027
C27103,Sample Student 3882,student3882@example.com,Information Technology,2027
C27104,Sample Student 3883,student3883@example.com,Computer Engineering,2027
C27105,Sample Student 3884,student3884@example.com,Information Technology,2027
C27106,Sample Student 3885,student3885@example.com,Computer Engineering,2027
C27107,Sample Student 3886,student3886@example.com,Information Technology,2027
C27108,Sample Student 3887,student3887@example.com,Computer Engineering,2027
C27109,Sample Student 3888,student3888@example.com,Information Technology,2027
C27110,Sample Student 3889,student3889@example.com,Computer Engineering,2027
C27111,Sample Student 3890,student3890@example.com,Information Technology,2027
C27112,Sample Student 3891,student3891@example.com,Computer Engineering,2027
C27113,Sample Student 3892,student3892@example.com,Information Technology,2027
C27114,Sample Student 3893,student3893@example.com,Computer Engineering,2027
C27115,Sample Student 3894,student3894@example.com,Information Technology,2027
C27116,Sample Student 3895,student3895@example.com,Computer Engineering,2027
C27117,Sample Student 3896,student3896@example.com,Information Technology,2027
C27118,Sample Student 3897,student3897@example.com,Computer Engineering,2027
C27119,Sample Student 3898,student3898@example.com,Information Technology,2027
C27120,Sample Student 3899,student3899@example.com,Computer Engineering,2027
C27121,Sample Student 3900,student3900@example.com,Information Technology,2027
C27122,Sample Student 3901,student3901@example.com,Computer Engineering,2027
C27123,Sample Student 3902,student3902@example.com,Information Technology,2027
C27124,Sample Student 3903,student3903@example.com,Computer Engineering,2027
C27125,Sample Student 3904,student3904@example.com,Information Technology,2027
C27126,Sample Student 3905,student3905@example.com,Computer Engineering,2027
C27127,Sample Student 3906,student3906@example.com,Information Technology,2027
C27128,Sample Student 3907,student3907@example.com,Computer Engineering,2027
C27129,Sample Student 3908,student3908@example.com,Information Technology,2027
C27130,Sample Student 3909,student3909@example.com,Computer Engineering,2027
C27131,Sample Student 3910,student3910@example.com,Information Technology,2027
C27132,Sample Student 3911,student3911@example.com,Computer Engineering,2027
C27133,Sample Student 3912,student3912@example.com,Information Technology,2027
C27134,Sample Student 3913,student3913@example.com,Computer Engineering,2027
C27135,Sample Student 3914,student3914@example.com,Information Technology,2027
C27136,Sample Student 3915,student3915@example.com,Computer Engineering,2027
C27137,Sample Student 3916,student3916@example.com,Information Technology,2027
C27138,Sample Student 3917,student3917@example.com,Computer Engineering,2027
C27139,Sample Student 3918,student3918@example.com,Information Technology,2027
C27140,Sample Student 3919,student3919@example.com,Computer Engineering,2027
C27141,Sample Student 3920,student3920@example.com,Information Technology,2027
C27142,Sample Student 3921,student3921@example.com,Computer Engineering,2027
C27143,Sample Student 3922,student3922@example.com,Information Technology,2027
C27144,Sample Student 3923,student3923@example.com,Computer Engineering,2027
C27145,Sample Student 3924,student3924@example.com,Information Technology,2027
C27146,Sample Student 3925,student3925@example.com,Computer Engineering,2027
C27147,Sample Student 3926,student3926@example.com,Information Technology,2027
C27148,Sample Student 3927,student3927@example.com,Computer Engineering,2027
C27149,Sample Student 3928,student3928@example.com,Information Technology,2027
C27150,Sample Student 3929,student3929@example.com,Computer Engineering,2027
C27151,Sample Student 3930,student3930@example.com,Information Technology,2027
C27152,Sample Student 3931,student3931@example.com,Computer Engineering,2027
C27153,Sample Student 3932,student3932@example.com,Information Technology,2027
C27154,Sample Student 3933,student3933@example.com,Computer Engineering,2027
C27155,Sample Student 3934,student3934@example.com,Information Technology,2027
C27156,Sample Student 3935,student3935@example.com,Computer Engineering,2027
C27157,Sample Student 3936,student3936@example.com,Information Technology,2027
C27158,Sample Student 3937,student3937@example.com,Computer Engineering,2027
C27159,Sample Student 3938,student3938@example.com,Information Technology,2027
C27160,Sample Student 3939,student3939@example.com,Computer Engineering,2027
C27161,Sample Student 3940,student3940@example.com,Information Technology,2027
C27162,Sample Student 3941,student3941@example.com,Computer Engineering,2027
C27163,Sample Student 3942,student3942@example.com,Information Technology,2027
C27164,Sample Student 3943,student3943@example.com,Computer Engineering,2027
C27165,Sample Student 3944,student3944@example.com,Information Technology,2027
C27166,Sample Student 3945,student3945@example.com,Computer Engineering,2027
C27167,Sample Student 3946,student3946@example.com,Information Technology,2027
C27168,Sample Student 3947,student3947@example.com,Computer Engineering,2027
C27169,Sample Student 3948,student3948@example.com,Information Technology,2027
C27170,Sample Student 3949,student3949@example.com,Computer Engineering,2027
C27171,Sample Student 3950,student3950@example.com,Information Technology,2027
C27172,Sample Student 3951,student3951@example.com,Computer Engineering,2027
C27173,Sample Student 3952,student3952@example.com,Information Technology,2027
C27174,Sample Student 3953,student3953@example.com,Computer Engineering,2027
C27175,Sample Student 3954,student3954@example.com,Information Technology,2027
C27176,Sample Student 3955,student3955@example.com,Computer Engineering,2027
C27177,Sample Student 3956,student3956@example.com,Information Technology,2027
C27178,Sample Student 3957,student3957@example.com,Computer Engineering,2027
C27179,Sample Student 3958,student3958@example.com,Information Technology,2027
C27180,Sample Student 3959,student3959@example.com,Computer Engineering,2027
C27181,Sample Student 3960,student3960@example.com,Information Technology,2027
C27182,Sample Student 3961,student3961@example.com,Computer Engineering,2027
C27183,Sample Student 3962,student3962@example.com,Information Technology,2027
C27184,Sample Student 3963,student3963@example.com,Computer Engineering,2027
C27185,Sample Student 3964,student3964@example.com,Information Technology,2027
C27186,Sample Student 3965,student3965@example.com,Computer Engineering,2027
C27187,Sample Student 3966,student3966@example.com,Information Technology,2027
C27188,Sample Student 3967,student3967@example.com,Computer Engineering,2027
C27189,Sample Student 3968,student3968@example.com,Information Technology,2027
C27190,Sample Student 3969,student3969@example.com,Computer Engineering,2027
C27191,Sample Student 3970,student3970@example.com,Information Technology,2027
C27192,Sample Student 3971,student3971@example.com,Computer Engineering,2027
C27193,Sample Student 3972,student3972@example.com,Information Technology,2027
C27194,Sample Student 3973,student3973@example.com,Computer Engineering,2027
C27195,Sample Student 3974,student3974@example.com,Information Technology,2027
C27196,Sample Student 3975,student3975@example.com,Computer Engineering,2027
C27197,Sample Student 3976,student3976@example.com,Information Technology,2027
C27198,Sample Student 3977,student3977@example.com,Computer Engineering,2027
C27199,Sample Student 3978,student3978@example.com,Information Technology,2027
C27200,Sample Student 3979,student3979@example.com,Computer Engineering,2027
C27201,Sample Student 3980,student3980@example.com,Information Technology,2027
C27202,Sample Student 3981,student3981@example.com,Computer Engineering,2027
C27203,Sample Student 3982,student3982@example.com,Information Technology,2027
C27204,Sample Student 3983,student3983@example.com,Computer Engineering,2027
C27205,Sample Student 3984,student3984@example.com,Information Technology,2027
C27206,Sample Student 3985,student3985@example.com,Computer Engineering,2027
C27207,Sample Student 3986,student3986@example.com,Information Technology,2027
C27208,Sample Student 3987,student3987@example.com,Computer Engineering,2027
C27209,Sample Student 3988,student3988@example.com,Information Technology,2027
C27210,Sample Student 3989,student3989@example.com,Computer Engineering,2027
C27211,Sample Student 3990,student3990@example.com,Information Technology,2027
C27212,Sample Student 3991,student3991@example.com,Computer Engineering,2027
C27213,Sample Student 3992,student3992@example.com,Information Technology,2027
C27214,Sample Student 3993,student3993@example.com,Computer Engineering,2027
C27215,Sample Student 3994,student3994@example.com,Information Technology,2027
C27216,Sample Student 3995,student3995@example.com,Computer Engineering,2027
C27217,Sample Student 3996,student3996@example.com,Information Technology,2027
C27218,Sample Student 3997,student3997@example.com,Computer Engineering,2027
C27219,Sample Student 3998,student3998@example.com,Information Technology,2027
C27220,Sample Student 3999,student3999@example.com,Computer Engineering,2027
C27221,Sample Student 4000,student4000@example.com,Information Technology,2027
C27222,Sample Student 4001,student4001@example.com,Computer Engineering,2027
C27223,Sample Student 4002,student4002@example.com,Information Technology,2027
C27224,Sample Student 4003,student4003@example.com,Computer Engineering,2027
C27225,Sample Student 4004,student4004@example.com,Information Technology,2027
C27226,Sample Student 4005,student4005@example.com,Computer Engineering,2027
C27227,Sample Student 4006,student4006@example.com,Information Technology,2027
C27228,Sample Student 4007,student4007@example.com,Computer Engineering,2027
C27229,Sample Student 4008,student4008@example.com,Information Technology,2027
C27230,Sample Student 4009,student4009@example.com,Computer Engineering,2027
C27231,Sample Student 4010,student4010@example.com,Information Technology,2027
C27232,Sample Student 4011,student4011@example.com,Computer Engineering,2027
C27233,Sample Student 4012,student4012@example.com,Information Technology,2027
C27234,Sample Student 4013,student4013@example.com,Computer Engineering,2027
C27235,Sample Student 4014,student4014@example.com,Information Technology,2027
C27236,Sample Student 4015,student4015@example.com,Computer Engineering,2027
C27237,Sample Student 4016,student4016@example.com,Information Technology,2027
C27238,Sample Student 4017,student4017@example.com,Computer Engineering,2027
C27239,Sample Student 4018,student4018@example.com,Information Technology,2027
C27240,Sample Student 4019,student4019@example.com,Computer Engineering,2027
C27241,Sample Student 4020,student4020@example.com,Information Technology,2027
C27242,Sample Student 4021,student4021@example.com,Computer Engineering,2027
C27243,Sample Student 4022,student4022@example.com,Information Technology,2027
C27244,Sample Student 4023,student4023@example.com,Computer Engineering,2027
C27245,Sample Student 4024,student4024@example.com,Information Technology,2027
C27246,Sample Student 4025,student4025@example.com,Computer Engineering,2027
C27247,Sample Student 4026,student4026@example.com,Information Technology,2027
C27248,Sample Student 4027,student4027@example.com,Computer Engineering,2027
C27249,Sample Student 4028,student4028@example.com,Information Technology,2027
C27250,Sample Student 4029,student4029@example.com,Computer Engineering,2027
C27251,Sample Student 4030,student4030@example.com,Information Technology,2027
C27252,Sample Student 4031,student4031@example.com,Computer Engineering,2027
C27253,Sample Student 4032,student4032@example.com,Information Technology,2027
C27254,Sample Student 4033,student4033@example.com,Computer Engineering,2027
C27255,Sample Student 4034,student4034@example.com,Information Technology,2027
C27256,Sample Student 4035,student4035@example.com,Computer Engineering,2027
C27257,Sample Student 4036,student4036@example.com,Information Technology,2027
C27258,Sample Student 4037,student4037@example.com,Computer Engineering,2027
C27259,Sample Student 4038,student4038@example.com,Information Technology,2027
C27260,Sample Student 4039,student4039@example.com,Computer Engineering,2027
C27261,Sample Student 4040,student4040@example.com,Information Technology,2027
C27262,Sample Student 4041,student4041@example.com,Computer Engineering,2027
C27263,Sample Student 4042,student4042@example.com,Information Technology,2027
C27264,Sample Student 4043,student4043@example.com,Computer Engineering,2027
C27265,Sample Student 4044,student4044@example.com,Information Technology,2027
C27266,Sample Student 4045,student4045@example.com,Computer Engineering,2027
C27267,Sample Student 4046,student4046@example.com,Information Technology,2027
C27268,Sample Student 4047,student4047@example.com,Computer Engineering,2027
C27269,Sample Student 4048,student4048@example.com,Information Technology,2027
C27270,Sample Student 4049,student4049@example.com,Computer Engineering,2027
C27271,Sample Student 4050,student4050@example.com,Information Technology,2027
C27272,Sample Student 4051,student4051@example.com,Computer Engineering,2027
C27273,Sample Student 4052,student4052@example.com,Information Technology,2027
C27274,Sample Student 4053,student4053@example.com,Computer Engineering,2027
C27275,Sample Student 4054,student4054@example.com,Information Technology,2027
C27276,Sample Student 4055,student4055@example.com,Computer Engineering,2027
C27277,Sample Student 4056,student4056@example.com,Information Technology,2027
C27278,Sample Student 4057,student4057@example.com,Computer Engineering,2027
C27279,Sample Student 4058,student4058@example.com,Information Technology,2027
C27280,Sample Student 4059,student4059@example.com,Computer Engineering,2027
C27281,Sample Student 4060,student4060@example.com,Information Technology,2027
C27282,Sample Student 4061,student4061@example.com,Computer Engineering,2027
C27283,Sample Student 4062,student4062@example.com,Information Technology,2027
C27284,Sample Student 4063,student4063@example.com,Computer Engineering,2027
C27285,Sample Student 4064,student4064@example.com,Information Technology,2027
C27286,Sample Student 4065,student4065@example.com,Computer Engineering,2027
C27287,Sample Student 4066,student4066@example.com,Information Technology,2027
C27288,Sample Student 4067,student4067@example.com,Computer Engineering,2027
C27289,Sample Student 4068,student4068@example.com,Information Technology,2027
C27290,Sample Student 4069,student4069@example.com,Computer Engineering,2027
C27291,Sample Student 4070,student4070@example.com,Information Technology,2027
C27292,Sample Student 4071,student4071@example.com,Computer Engineering,2027
C27293,Sample Student 4072,student4072@example.com,Information Technology,2027
C27294,Sample Student 4073,student4073@example.com,Computer Engineering,2027
C27295,Sample Student 4074,student4074@example.com,Information Technology,2027
C27296,Sample Student 4075,student4075@example.com,Computer Engineering,2027
C27297,Sample Student 4076,student4076@example.com,Information Technology,2027
C27298,Sample Student 4077,student4077@example.com,Computer Engineering,2027
C27299,Sample Student 4078,student4078@example.com,Information Technology,2027
C27300,Sample Student 4079,student4079@example.com,Computer Engineering,2027
C27301,Sample Student 4080,student4080@example.com,Information Technology,2027
C27302,Sample Student 4081,student4081@example.com,Computer Engineering,2027
C27303,Sample Student 4082,student4082@example.com,Information Technology,2027
C27304,Sample Student 4083,student4083@example.com,Computer Engineering,2027
C27305,Sample Student 4084,student4084@example.com,Information Technology,2027
C27306,Sample Student 4085,student4085@example.com,Computer Engineering,2027
C27307,Sample Student 4086,student4086@example.com,Information Technology,2027
C27308,Sample Student 4087,student4087@example.com,Computer Engineering,2027
C27309,Sample Student 4088,student4088@example.com,Information Technology,2027
C27310,Sample Student 4089,student4089@example.com,Computer Engineering,2027
C27311,Sample Student 4090,student4090@example.com,Information Technology,2027
C27312,Sample Student 4091,student4091@example.com,Computer Engineering,2027
C27313,Sample Student 4092,student4092@example.com,Information Technology,2027
C27314,Sample Student 4093,student4093@example.com,Computer Engineering,2027
C27315,Sample Student 4094,student4094@example.com,Information Technology,2027
C27316,Sample Student 4095,student4095@example.com,Computer Engineering,2027
C27317,Sample Student 4096,student4096@example.com,Information Technology,2027
C27318,Sample Student 4097,student4097@example.com,Computer Engineering,2027
C27319,Sample Student 4098,student4098@example.com,Information Technology,2027
C27320,Sample Student 4099,student4099@example.com,Computer Engineering,2027
C27321,Sample Student 4100,student4100@example.com,Information Technology,2027
C27322,Sample Student 4101,student4101@example.com,Computer Engineering,2027
C27323,Sample Student 4102,student4102@example.com,Information Technology,2027
C27324,Sample Student 4103,student4103@example.com,Computer Engineering,2027
C27325,Sample Student 4104,student4104@example.com,Information Technology,2027
C27326,Sample Student 4105,student4105@example.com,Computer Engineering,2027
C27327,Sample Student 4106,student4106@example.com,Information Technology,2027
C27328,Sample Student 4107,student4107@example.com,Computer Engineering,2027
C27329,Sample Student 4108,student4108@example.com,Information Technology,2027
C27330,Sample Student 4109,student4109@example.com,Computer Engineering,2027
C27331,Sample Student 4110,student4110@example.com,Information Technology,2027
C27332,Sample Student 4111,student4111@example.com,Computer Engineering,2027
C27333,Sample Student 4112,student4112@example.com,Information Technology,2027
C27334,Sample Student 4113,student4113@example.com,Computer Engineering,2027
C27335,Sample Student 4114,student4114@example.com,Information Technology,2027
C27336,Sample Student 4115,student4115@example.com,Computer Engineering,2027
C27337,Sample Student 4116,student4116@example.com,Information Technology,2027
C27338,Sample Student 4117,student4117@example.com,Computer Engineering,2027
C27339,Sample Student 4118,student4118@example.com,Information Technology,2027
C27340,Sample Student 4119,student4119@example.com,Computer Engineering,2027
C27341,Sample Student 4120,student4120@example.com,Information Technology,2027
C27342,Sample Student 4121,student4121@example.com,Computer Engineering,2027
C27343,Sample Student 4122,student4122@example.com,Information Technology,2027
C27344,Sample Student 4123,student4123@example.com,Computer Engineering,2027
C27345,Sample Student 4124,student4124@example.com,Information Technology,2027
C27346,Sample Student 4125,student4125@example.com,Computer Engineering,2027
C27347,Sample Student 4126,student4126@example.com,Information Technology,2027
C27348,Sample Student 4127,student4127@example.com,Computer Engineering,2027
C27349,Sample Student 4128,student4128@example.com,Information Technology,2027
C27350,Sample Student 4129,student4129@example.com,Computer Engineering,2027
C27351,Sample Student 4130,student4130@example.com,Information Technology,2027
C27352,Sample Student 4131,student4131@example.com,Computer Engineering,2027
C27353,Sample Student 4132,student4132@example.com,Information Technology,2027
C27354,Sample Student 4133,student4133@example.com,Computer Engineering,2027
C27355,Sample Student 4134,student4134@example.com,Information Technology,2027
C27356,Sample Student 4135,student4135@example.com,Computer Engineering,2027
C27357,Sample Student 4136,student4136@example.com,Information Technology,2027
C27358,Sample Student 4137,student4137@example.com,Computer Engineering,2027
C27359,Sample Student 4138,student4138@example.com,Information Technology,2027
C27360,Sample Student 4139,student4139@example.com,Computer Engineering,2027
C27361,Sample Student 4140,student4140@example.com,Information Technology,2027
C27362,Sample Student 4141,student4141@example.com,Computer Engineering,2027
C27363,Sample Student 4142,student4142@example.com,Information Technology,2027
C27364,Sample Student 4143,student4143@example.com,Computer Engineering,2027
C27365,Sample Student 4144,student4144@example.com,Information Technology,2027
C27366,Sample Student 4145,student4145@example.com,Computer Engineering,2027
C27367,Sample Student 4146,student4146@example.com,Information Technology,2027
C27368,Sample Student 4147,student4147@example.com,Computer Engineering,2027
C27369,Sample Student 4148,student4148@example.com,Information Technology,2027
C27370,Sample Student 4149,student4149@example.com,Computer Engineering,2027
C27371,Sample Student 4150,student4150@example.com,Information Technology,2027
C27372,Sample Student 4151,student4151@example.com,Computer Engineering,2027
C27373,Sample Student 4152,student4152@example.com,Information Technology,2027
C27374,Sample Student 4153,student4153@example.com,Computer Engineering,2027
C27375,Sample Student 4154,student4154@example.com,Information Technology,2027
C27376,Sample Student 4155,student4155@example.com,Computer Engineering,2027
C27377,Sample Student 4156,student4156@example.com,Information Technology,2027
C27378,Sample Student 4157,student4157@example.com,Computer Engineering,2027
C27379,Sample Student 4158,student4158@example.com,Information Technology,2027
C27380,Sample Student 4159,student4159@example.com,Computer Engineering,2027
C27381,Sample Student 4160,student4160@example.com,Information Technology,2027
C27382,Sample Student 4161,student4161@example.com,Computer Engineering,2027
C27383,Sample Student 4162,student4162@example.com,Information Technology,2027
C27384,Sample Student 4163,student4163@example.com,Computer Engineering,2027
C27385,Sample Student 4164,student4164@example.com,Information Technology,2027
C27386,Sample Student 4165,student4165@example.com,Computer Engineering,2027
C27387,Sample Student 4166,student4166@example.com,Information Technology,2027
C27388,Sample Student 4167,student4167@example.com,Computer Engineering,2027
C27389,Sample Student 4168,student4168@example.com,Information Technology,2027
C27390,Sample Student 4169,student4169@example.com,Computer Engineering,2027
C27391,Sample Student 4170,student4170@example.com,Information Technology,2027
C27392,Sample Student 4171,student4171@example.com,Computer Engineering,2027
C27393,Sample Student 4172,student4172@example.com,Information Technology,2027
C27394,Sample Student 4173,student4173@example.com,Computer Engineering,2027
C27395,Sample Student 4174,student4174@example.com,Information Technology,2027
C27396,Sample Student 4175,student4175@example.com,Computer Engineering,2027
C27397,Sample Student 4176,student4176@example.com,Information Technology,2027
C27398,Sample Student 4177,student4177@example.com,Computer Engineering,2027
C27399,Sample Student 4178,student4178@example.com,Information Technology,2027
C27400,Sample Student 4179,student4179@example.com,Computer Engineering,2027
C27401,Sample Student 4180,student4180@example.com,Information Technology,2027
C27402,Sample Student 4181,student4181@example.com,Computer Engineering,2027
C27403,Sample Student 4182,student4182@example.com,Information Technology,2027
C27404,Sample Student 4183,student4183@example.com,Computer Engineering,2027
C27405,Sample Student 4184,student4184@example.com,Information Technology,2027
C27406,Sample Student 4185,student4185@example.com,Computer Engineering,2027
C27407,Sample Student 4186,student4186@example.com,Information Technology,2027
C27408,Sample Student 4187,student4187@example.com,Computer Engineering,2027
C27409,Sample Student 4188,student4188@example.com,Information Technology,2027
C27410,Sample Student 4189,student4189@example.com,Computer Engineering,2027
C27411,Sample Student 4190,student4190@example.com,Information Technology,2027
C27412,Sample Student 4191,student4191@example.com,Computer Engineering,2027
C27413,Sample Student 4192,student4192@example.com,Information Technology,2027
C27414,Sample Student 4193,student4193@example.com,Computer Engineering,2027
C27415,Sample Student 4194,student4194@example.com,Information Technology,2027
C27416,Sample Student 4195,student4195@example.com,Computer Engineering,2027
C27417,Sample Student 4196,student4196@example.com,Information Technology,2027
C27418,Sample Student 4197,student4197@example.com,Computer Engineering,2027
C27419,Sample Student 4198,student4198@example.com,Information Technology,2027
C27420,Sample Student 4199,student4199@example.com,Computer Engineering,2027
C27421,Sample Student 4200,student4200@example.com,Information Technology,2027
C27422,Sample Student 4201,student4201@example.com,Computer Engineering,2027
C27423,Sample Student 4202,student4202@example.com,Information Technology,2027
C27424,Sample Student 4203,student4203@example.com,Computer Engineering,2027
C27425,Sample Student 4204,student4204@example.com,Information Technology,2027
C27426,Sample Student 4205,student4205@example.com,Computer Engineering,2027
C27427,Sample Student 4206,student4206@example.com,Information Technology,2027
C27428,Sample Student 4207,student4207@example.com,Computer Engineering,2027
C27429,Sample Student 4208,student4208@example.com,Information Technology,2027
C27430,Sample Student 4209,student4209@example.com,Computer Engineering,2027
C27431,Sample Student 4210,student4210@example.com,Information Technology,2027
C27432,Sample Student 4211,student4211@example.com,Computer Engineering,2027
C27433,Sample Student 4212,student4212@example.com,Information Technology,2027
C27434,Sample Student 4213,student4213@example.com,Computer Engineering,2027
C27435,Sample Student 4214,student4214@example.com,Information Technology,2027
C27436,Sample Student 4215,student4215@example.com,Computer Engineering,2027
C27437,Sample Student 4216,student4216@example.com,Information Technology,2027
C27438,Sample Student 4217,student4217@example.com,Computer Engineering,2027
C27439,Sample Student 4218,student4218@example.com,Information Technology,2027
C27440,Sample Student 4219,student4219@example.com,Computer Engineering,2027
C27441,Sample Student 4220,student4220@example.com,Information Technology,2027
C27442,Sample Student 4221,student4221@example.com,Computer Engineering,2027
C27443,Sample Student 4222,student4222@example.com,Information Technology,2027
C27444,Sample Student 4223,student4223@example.com,Computer Engineering,2027
C27445,Sample Student 4224,student4224@example.com,Information Technology,2027
C27446,Sample Student 4225,student4225@example.com,Computer Engineering,2027
C27447,Sample Student 4226,student4226@example.com,Information Technology,2027
C27448,Sample Student 4227,student4227@example.com,Computer Engineering,2027
C27449,Sample Student 4228,student4228@example.com,Information Technology,2027
C27450,Sample Student 4229,student4229@example.com,Computer Engineering,2027
C27451,Sample Student 4230,student4230@example.com,Information Technology,2027
C27452,Sample Student 4231,student4231@example.com,Computer Engineering,2027
C27453,Sample Student 4232,student4232@example.com,Information Technology,2027
C27454,Sample Student 4233,student4233@example.com,Computer Engineering,2027
C27455,Sample Student 4234,student4234@example.com,Information Technology,2027
C27456,Sample Student 4235,student4235@example.com,Computer Engineering,2027
C27457,Sample Student 4236,student4236@example.com,Information Technology,2027
C27458,Sample Student 4237,student4237@example.com,Computer Engineering,2027
C27459,Sample Student 4238,student4238@example.com,Information Technology,2027
C27460,Sample Student 4239,student4239@example.com,Computer Engineering,2027
C27461,Sample Student 4240,student4240@example.com,Information Technology,2027
C27462,Sample Student 4241,student4241@example.com,Computer Engineering,2027
C27463,Sample Student 4242,student4242@example.com,Information Technology,2027
C27464,Sample Student 4243,student4243@example.com,Computer Engineering,2027
C27465,Sample Student 4244,student4244@example.com,Information Technology,2027
C27466,Sample Student 4245,student4245@example.com,Computer Engineering,2027
C27467,Sample Student 4246,student4246@example.com,Information Technology,2027
C27468,Sample Student 4247,student4247@example.com,Computer Engineering,2027
C27469,Sample Student 4248,student4248@example.com,Information Technology,2027
C27470,Sample Student 4249,student4249@example.com,Computer Engineering,2027
C27471,Sample Student 4250,student4250@example.com,Information Technology,2027
C27472,Sample Student 4251,student4251@example.com,Computer Engineering,2027
C27473,Sample Student 4252,student4252@example.com,Information Technology,2027
C27474,Sample Student 4253,student4253@example.com,Computer Engineering,2027
C27475,Sample Student 4254,student4254@example.com,Information Technology,2027
C27476,Sample Student 4255,student4255@example.com,Computer Engineering,2027
C27477,Sample Student 4256,student4256@example.com,Information Technology,2027
C27478,Sample Student 4257,student4257@example.com,Computer Engineering,2027
C27479,Sample Student 4258,student4258@example.com,Information Technology,2027
C27480,Sample Student 4259,student4259@example.com,Computer Engineering,2027
C27481,Sample Student 4260,student4260@example.com,Information Technology,2027
C27482,Sample Student 4261,student4261@example.com,Computer Engineering,2027
C27483,Sample Student 4262,student4262@example.com,Information Technology,2027
C27484,Sample Student 4263,student4263@example.com,Computer Engineering,2027
C27485,Sample Student 4264,student4264@example.com,Information Technology,2027
C27486,Sample Student 4265,student4265@example.com,Computer Engineering,2027
C27487,Sample Student 4266,student4266@example.com,Information Technology,2027
C27488,Sample Student 4267,student4267@example.com,Computer Engineering,2027
C27489,Sample Student 4268,student4268@example.com,Information Technology,2027
C27490,Sample Student 4269,student4269@example.com,Computer Engineering,2027
C27491,Sample Student 4270,student4270@example.com,Information Technology,2027
C27492,Sample Student 4271,student4271@example.com,Computer Engineering,2027
C27493,Sample Student 4272,student4272@example.com,Information Technology,2027
C27494,Sample Student 4273,student4273@example.com,Computer Engineering,2027
C27495,Sample Student 4274,student4274@example.com,Information Technology,2027
C27496,Sample Student 4275,student4275@example.com,Computer Engineering,2027
C27497,Sample Student 4276,student4276@example.com,Information Technology,2027
C27498,Sample Student 4277,student4277@example.com,Computer Engineering,2027
C27499,Sample Student 4278,student4278@example.com,Information Technology,2027
C27500,Sample Student 4279,student4279@example.com,Computer Engineering,2027
C27501,Sample Student 4280,student4280@example.com,Information Technology,2027
C27502,Sample Student 4281,student4281@example.com,Computer Engineering,2027
C27503,Sample Student 4282,student4282@example.com,Information Technology,2027
C27504,Sample Student 4283,student4283@example.com,Computer Engineering,2027
C27505,Sample Student 4284,student4284@example.com,Information Technology,2027
C27506,Sample Student 4285,student4285@example.com,Computer Engineering,2027
C27507,Sample Student 4286,student4286@example.com,Information Technology,2027
C27508,Sample Student 4287,student4287@example.com,Computer Engineering,2027
C27509,Sample Student 4288,student4288@example.com,Information Technology,2027
C27510,Sample Student 4289,student4289@example.com,Computer Engineering,2027
C27511,Sample Student 4290,student4290@example.com,Information Technology,2027
C27512,Sample Student 4291,student4291@example.com,Computer Engineering,2027
C27513,Sample Student 4292,student4292@example.com,Information Technology,2027
C27514,Sample Student 4293,student4293@example.com,Computer Engineering,2027
C27515,Sample Student 4294,student4294@example.com,Information Technology,2027
C27516,Sample Student 4295,student4295@example.com,Computer Engineering,2027
C27517,Sample Student 4296,student4296@example.com,Information Technology,2027
C27518,Sample Student 4297,student4297@example.com,Computer Engineering,2027
C27519,Sample Student 4298,student4298@example.com,Information Technology,2027
C27520,Sample Student 4299,student4299@example.com,Computer Engineering,2027
C27521,Sample Student 4300,student4300@example.com,Information Technology,2027
C27522,Sample Student 4301,student4301@example.com,Computer Engineering,2027
C27523,Sample Student 4302,student4302@example.com,Information Technology,2027
C27524,Sample Student 4303,student4303@example.com,Computer Engineering,2027
C27525,Sample Student 4304,student4304@example.com,Information Technology,2027
C27526,Sample Student 4305,student4305@example.com,Computer Engineering,2027
C27527,Sample Student 4306,student4306@example.com,Information Technology,2027
C27528,Sample Student 4307,student4307@example.com,Computer Engineering,2027
C27529,Sample Student 4308,student4308@example.com,Information Technology,2027
C27530,Sample Student 4309,student4309@example.com,Computer Engineering,2027
C27531,Sample Student 4310,student4310@example.com,Information Technology,2027
C27532,Sample Student 4311,student4311@example.com,Computer Engineering,2027
C27533,Sample Student 4312,student4312@example.com,Information Technology,2027
C27534,Sample Student 4313,student4313@example.com,Computer Engineering,2027
C27535,Sample Student 4314,student4314@example.com,Information Technology,2027
C27536,Sample Student 4315,student4315@example.com,Computer Engineering,2027
C27537,Sample Student 4316,student4316@example.com,Information Technology,2027
C27538,Sample Student 4317,student4317@example.com,Computer Engineering,2027
C27539,Sample Student 4318,student4318@example.com,Information Technology,2027
C27540,Sample Student 4319,student4319@example.com,Computer Engineering,2027
C27541,Sample Student 4320,student4320@example.com,Information Technology,2027
C27542,Sample Student 4321,student4321@example.com,Computer Engineering,2027
C27543,Sample Student 4322,student4322@example.com,Information Technology,2027
C27544,Sample Student 4323,student4323@example.com,Computer Engineering,2027
C27545,Sample Student 4324,student4324@example.com,Information Technology,2027
C27546,Sample Student 4325,student4325@example.com,Computer Engineering,2027
C27547,Sample Student 4326,student4326@example.com,Information Technology,2027
C27548,Sample Student 4327,student4327@example.com,Computer Engineering,2027
C27549,Sample Student 4328,student4328@example.com,Information Technology,2027
C27550,Sample Student 4329,student4329@example.com,Computer Engineering,2027
C27551,Sample Student 4330,student4330@example.com,Information Technology,2027
C27552,Sample Student 4331,student4331@example.com,Computer Engineering,2027
C27553,Sample Student 4332,student4332@example.com,Information Technology,2027
C27554,Sample Student 4333,student4333@example.com,Computer Engineering,2027
C27555,Sample Student 4334,student4334@example.com,Information Technology,2027
C27556,Sample Student 4335,student4335@example.com,Computer Engineering,2027
C27557,Sample Student 4336,student4336@example.com,Information Technology,2027
C27558,Sample Student 4337,student4337@example.com,Computer Engineering,2027
C27559,Sample Student 4338,student4338@example.com,Information Technology,2027
C27560,Sample Student 4339,student4339@example.com,Computer Engineering,2027
C27561,Sample Student 4340,student4340@example.com,Information Technology,2027
C27562,Sample Student 4341,student4341@example.com,Computer Engineering,2027
C27563,Sample Student 4342,student4342@example.com,Information Technology,2027
C27564,Sample Student 4343,student4343@example.com,Computer Engineering,2027
C27565,Sample Student 4344,student4344@example.com,Information Technology,2027
C27566,Sample Student 4345,student4345@example.com,Computer Engineering,2027
C27567,Sample Student 4346,student4346@example.com,Information Technology,2027
C27568,Sample Student 4347,student4347@example.com,Computer Engineering,2027
C27569,Sample Student 4348,student4348@example.com,Information Technology,2027
C27570,Sample Student 4349,student4349@example.com,Computer Engineering,2027
C27571,Sample Student 4350,student4350@example.com,Information Technology,2027
C27572,Sample Student 4351,student4351@example.com,Computer Engineering,2027
C27573,Sample Student 4352,student4352@example.com,Information Technology,2027
C27574,Sample Student 4353,student4353@example.com,Computer Engineering,2027
C27575,Sample Student 4354,student4354@example.com,Information Technology,2027
C27576,Sample Student 4355,student4355@example.com,Computer Engineering,2027
C27577,Sample Student 4356,student4356@example.com,Information Technology,2027
C27578,Sample Student 4357,student4357@example.com,Computer Engineering,2027
C27579,Sample Student 4358,student4358@example.com,Information Technology,2027
C27580,Sample Student 4359,student4359@example.com,Computer Engineering,2027
C27581,Sample Student 4360,student4360@example.com,Information Technology,2027
C27582,Sample Student 4361,student4361@example.com,Computer Engineering,2027
C27583,Sample Student 4362,student4362@example.com,Information Technology,2027
C27584,Sample Student 4363,student4363@example.com,Computer Engineering,2027
C27585,Sample Student 4364,student4364@example.com,Information Technology,2027
C27586,Sample Student 4365,student4365@example.com,Computer Engineering,2027
C27587,Sample Student 4366,student4366@example.com,Information Technology,2027
C27588,Sample Student 4367,student4367@example.com,Computer Engineering,2027
C27589,Sample Student 4368,student4368@example.com,Information Technology,2027
C27590,Sample Student 4369,student4369@example.com,Computer Engineering,2027
C27591,Sample Student 4370,student4370@example.com,Information Technology,2027
C27592,Sample Student 4371,student4371@example.com,Computer Engineering,2027
C27593,Sample Student 4372,student4372@example.com,Information Technology,2027
C27594,Sample Student 4373,student4373@example.com,Computer Engineering,2027
C27595,Sample Student 4374,student4374@example.com,Information Technology,2027
C27596,Sample Student 4375,student4375@example.com,Computer Engineering,2027
C27597,Sample Student 4376,student4376@example.com,Information Technology,2027
C27598,Sample Student 4377,student4377@example.com,Computer Engineering,2027
C27599,Sample Student 4378,student4378@example.com,Information Technology,2027
C27600,Sample Student 4379,student4379@example.com,Computer Engineering,2027
C27601,Sample Student 4380,student4380@example.com,Information Technology,2027
C27602,Sample Student 4381,student4381@example.com,Computer Engineering,2027
C27603,Sample Student 4382,student4382@example.com,Information Technology,2027
C27604,Sample Student 4383,student4383@example.com,Computer Engineering,2027
C27605,Sample Student 4384,student4384@example.com,Information Technology,2027
C27606,Sample Student 4385,student4385@example.com,Computer Engineering,2027
C27607,Sample Student 4386,student4386@example.com,Information Technology,2027
C27608,Sample Student 4387,student4387@example.com,Computer Engineering,2027
C27609,Sample Student 4388,student4388@example.com,Information Technology,2027
C27610,Sample Student 4389,student4389@example.com,Computer Engineering,2027
C27611,Sample Student 4390,student4390@example.com,Information Technology,2027
C27612,Sample Student 4391,student4391@example.com,Computer Engineering,2027
C27613,Sample Student 4392,student4392@example.com,Information Technology,2027
C27614,Sample Student 4393,student4393@example.com,Computer Engineering,2027
C27615,Sample Student 4394,student4394@example.com,Information Technology,2027
C27616,Sample Student 4395,student4395@example.com,Computer Engineering,2027
C27617,Sample Student 4396,student4396@example.com,Information Technology,2027
C27618,Sample Student 4397,student4397@example.com,Computer Engineering,2027
C27619,Sample Student 4398,student4398@example.com,Information Technology,2027
C27620,Sample Student 4399,student4399@example.com,Computer Engineering,2027
C27621,Sample Student 4400,student4400@example.com,Information Technology,2027
C27622,Sample Student 4401,student4401@example.com,Computer Engineering,2027
C27623,Sample Student 4402,student4402@example.com,Information Technology,2027
C27624,Sample Student 4403,student4403@example.com,Computer Engineering,2027
C27625,Sample Student 4404,student4404@example.com,Information Technology,2027
C27626,Sample Student 4405,student4405@example.com,Computer Engineering,2027
C27627,Sample Student 4406,student4406@example.com,Information Technology,2027
C27628,Sample Student 4407,student4407@example.com,Computer Engineering,2027
C27629,Sample Student 4408,student4408@example.com,Information Technology,2027
C27630,Sample Student 4409,student4409@example.com,Computer Engineering,2027
C27631,Sample Student 4410,student4410@example.com,Information Technology,2027
C27632,Sample Student 4411,student4411@example.com,Computer Engineering,2027
C27633,Sample Student 4412,student4412@example.com,Information Technology,2027
C27634,Sample Student 4413,student4413@example.com,Computer Engineering,2027
C27635,Sample Student 4414,student4414@example.com,Information Technology,2027
C27636,Sample Student 4415,student4415@example.com,Computer Engineering,2027
C27637,Sample Student 4416,student4416@example.com,Information Technology,2027
C27638,Sample Student 4417,student4417@example.com,Computer Engineering,2027
C27639,Sample Student 4418,student4418@example.com,Information Technology,2027
C27640,Sample Student 4419,student4419@example.com,Computer Engineering,2027
C27641,Sample Student 4420,student4420@example.com,Information Technology,2027
C27642,Sample Student 4421,student4421@example.com,Computer Engineering,2027
C27643,Sample Student 4422,student4422@example.com,Information Technology,2027
C27644,Sample Student 4423,student4423@example.com,Computer Engineering,2027
C27645,Sample Student 4424,student4424@example.com,Information Technology,2027
C27646,Sample Student 4425,student4425@example.com,Computer Engineering,2027
C27647,Sample Student 4426,student4426@example.com,Information Technology,2027
C27648,Sample Student 4427,student4427@example.com,Computer Engineering,2027
C27649,Sample Student 4428,student4428@example.com,Information Technology,2027
C27650,Sample Student 4429,student4429@example.com,Computer Engineering,2027
C27651,Sample Student 4430,student4430@example.com,Information Technology,2027
C27652,Sample Student 4431,student4431@example.com,Computer Engineering,2027
C27653,Sample Student 4432,student4432@example.com,Information Technology,2027
C27654,Sample Student 4433,student4433@example.com,Computer Engineering,2027
C27655,Sample Student 4434,student4434@example.com,Information Technology,2027
C27656,Sample Student 4435,student4435@example.com,Computer Engineering,2027
C27657,Sample Student 4436,student4436@example.com,Information Technology,2027
C27658,Sample Student 4437,student4437@example.com,Computer Engineering,2027
C27659,Sample Student 4438,student4438@example.com,Information Technology,2027
C27660,Sample Student 4439,student4439@example.com,Computer Engineering,2027
C27661,Sample Student 4440,student4440@example.com,Information Technology,2027
C27662,Sample Student 4441,student4441@example.com,Computer Engineering,2027
C27663,Sample Student 4442,student4442@example.com,Information Technology,2027
C27664,Sample Student 4443,student4443@example.com,Computer Engineering,2027
C27665,Sample Student 4444,student4444@example.com,Information Technology,2027
C27666,Sample Student 4445,student4445@example.com,Computer Engineering,2027
C27667,Sample Student 4446,student4446@example.com,Information Technology,2027
C27668,Sample Student 4447,student4447@example.com,Computer Engineering,2027
C27669,Sample Student 4448,student4448@example.com,Information Technology,2027
C27670,Sample Student 4449,student4449@example.com,Computer Engineering,2027
C27671,Sample Student 4450,student4450@example.com,Information Technology,2027
C27672,Sample Student 4451,student4451@example.com,Computer Engineering,2027
C27673,Sample Student 4452,student4452@example.com,Information Technology,2027
C27674,Sample Student 4453,student4453@example.com,Computer Engineering,2027
C27675,Sample Student 4454,student4454@example.com,Information Technology,2027
C27676,Sample Student 4455,student4455@example.com,Computer Engineering,2027
C27677,Sample Student 4456,student4456@example.com,Information Technology,2027
C27678,Sample Student 4457,student4457@example.com,Computer Engineering,2027
C27679,Sample Student 4458,student4458@example.com,Information Technology,2027
C27680,Sample Student 4459,student4459@example.com,Computer Engineering,2027
C27681,Sample Student 4460,student4460@example.com,Information Technology,2027
C27682,Sample Student 4461,student4461@example.com,Computer Engineering,2027
C27683,Sample Student 4462,student4462@example.com,Information Technology,2027
C27684,Sample Student 4463,student4463@example.com,Computer Engineering,2027
C27685,Sample Student 4464,student4464@example.com,Information Technology,2027
C27686,Sample Student 4465,student4465@example.com,Computer Engineering,2027
C27687,Sample Student 4466,student4466@example.com,Information Technology,2027
C27688,Sample Student 4467,student4467@example.com,Computer Engineering,2027
C27689,Sample Student 4468,student4468@example.com,Information Technology,2027
C27690,Sample Student 4469,student4469@example.com,Computer Engineering,2027
C27691,Sample Student 4470,student4470@example.com,Information Technology,2027
C27692,Sample Student 4471,student4471@example.com,Computer Engineering,2027
C27693,Sample Student 4472,student4472@example.com,Information Technology,2027
C27694,Sample Student 4473,student4473@example.com,Computer Engineering,2027
C27695,Sample Student 4474,student4474@example.com,Information Technology,2027
C27696,Sample Student 4475,student4475@example.com,Computer Engineering,2027
C27697,Sample Student 4476,student4476@example.com,Information Technology,2027
C27698,Sample Student 4477,student4477@example.com,Computer Engineering,2027
C27699,Sample Student 4478,student4478@example.com,Information Technology,2027
C27700,Sample Student 4479,student4479@example.com,Computer Engineering,2027
C27701,Sample Student 4480,student4480@example.com,Information Technology,2027
C27702,Sample Student 4481,student4481@example.com,Computer Engineering,2027
C27703,Sample Student 4482,student4482@example.com,Information Technology,2027
C27704,Sample Student 4483,student4483@example.com,Computer Engineering,2027
C27705,Sample Student 4484,student4484@example.com,Information Technology,2027
C27706,Sample Student 4485,student4485@example.com,Computer Engineering,2027
C27707,Sample Student 4486,student4486@example.com,Information Technology,2027
C27708,Sample Student 4487,student4487@example.com,Computer Engineering,2027
C27709,Sample Student 4488,student4488@example.com,Information Technology,2027
C27710,Sample Student 4489,student4489@example.com,Computer Engineering,2027
C27711,Sample Student 4490,student4490@example.com,Information Technology,2027
C27712,Sample Student 4491,student4491@example.com,Computer Engineering,2027
C27713,Sample Student 4492,student4492@example.com,Information Technology,2027
C27714,Sample Student 4493,student4493@example.com,Computer Engineering,2027
C27715,Sample Student 4494,student4494@example.com,Information Technology,2027
C27716,Sample Student 4495,student4495@example.com,Computer Engineering,2027
C27717,Sample Student 4496,student4496@example.com,Information Technology,2027
C27718,Sample Student 4497,student4497@example.com,Computer Engineering,2027
C27719,Sample Student 4498,student4498@example.com,Information Technology,2027
C27720,Sample Student 4499,student4499@example.com,Computer Engineering,2027
C27721,Sample Student 4500,student4500@example.com,Information Technology,2027
C27722,Sample Student 4501,student4501@example.com,Computer Engineering,2027
C27723,Sample Student 4502,student4502@example.com,Information Technology,2027
C27724,Sample Student 4503,student4503@example.com,Computer Engineering,2027
C27725,Sample Student 4504,student4504@example.com,Information Technology,2027
C27726,Sample Student 4505,student4505@example.com,Computer Engineering,2027
C27727,Sample Student 4506,student4506@example.com,Information Technology,2027
C27728,Sample Student 4507,student4507@example.com,Computer Engineering,2027
C27729,Sample Student 4508,student4508@example.com,Information Technology,2027
C27730,Sample Student 4509,student4509@example.com,Computer Engineering,2027
C27731,Sample Student 4510,student4510@example.com,Information Technology,2027
C27732,Sample Student 4511,student4511@example.com,Computer Engineering,2027
C27733,Sample Student 4512,student4512@example.com,Information Technology,2027
C27734,Sample Student 4513,student4513@example.com,Computer Engineering,2027
C27735,Sample Student 4514,student4514@example.com,Information Technology,2027
C27736,Sample Student 4515,student4515@example.com,Computer Engineering,2027
C27737,Sample Student 4516,student4516@example.com,Information Technology,2027
C27738,Sample Student 4517,student4517@example.com,Computer Engineering,2027
C27739,Sample Student 4518,student4518@example.com,Information Technology,2027
C27740,Sample Student 4519,student4519@example.com,Computer Engineering,2027
C27741,Sample Student 4520,student4520@example.com,Information Technology,2027
C27742,Sample Student 4521,student4521@example.com,Computer Engineering,2027
C27743,Sample Student 4522,student4522@example.com,Information Technology,2027
C27744,Sample Student 4523,student4523@example.com,Computer Engineering,2027
C27745,Sample Student 4524,student4524@example.com,Information Technology,2027
C27746,Sample Student 4525,student4525@example.com,Computer Engineering,2027
C27747,Sample Student 4526,student4526@example.com,Information Technology,2027
C27748,Sample Student 4527,student4527@example.com,Computer Engineering,2027
C27749,Sample Student 4528,student4528@example.com,Information Technology,2027
C27750,Sample Student 4529,student4529@example.com,Computer Engineering,2027
C27751,Sample Student 4530,student4530@example.com,Information Technology,2027
C27752,Sample Student 4531,student4531@example.com,Computer Engineering,2027
C27753,Sample Student 4532,student4532@example.com,Information Technology,2027
C27754,Sample Student 4533,student4533@example.com,Computer Engineering,2027
C27755,Sample Student 4534,student4534@example.com,Information Technology,2027
C27756,Sample Student 4535,student4535@example.com,Computer Engineering,2027
C27757,Sample Student 4536,student4536@example.com,Information Technology,2027
C27758,Sample Student 4537,student4537@example.com,Computer Engineering,2027
C27759,Sample Student 4538,student4538@example.com,Information Technology,2027
C27760,Sample Student 4539,student4539@example.com,Computer Engineering,2027
C27761,Sample Student 4540,student4540@example.com,Information Technology,2027
C27762,Sample Student 4541,student4541@example.com,Computer Engineering,2027
C27763,Sample Student 4542,student4542@example.com,Information Technology,2027
C27764,Sample Student 4543,student4543@example.com,Computer Engineering,2027
C27765,Sample Student 4544,student4544@example.com,Information Technology,2027
C27766,Sample Student 4545,student4545@example.com,Computer Engineering,2027
C27767,Sample Student 4546,student4546@example.com,Information Technology,2027
C27768,Sample Student 4547,student4547@example.com,Computer Engineering,2027
C27769,Sample Student 4548,student4548@example.com,Information Technology,2027
C27770,Sample Student 4549,student4549@example.com,Computer Engineering,2027
C27771,Sample Student 4550,student4550@example.com,Information Technology,2027
C27772,Sample Student 4551,student4551@example.com,Computer Engineering,2027
C27773,Sample Student 4552,student4552@example.com,Information Technology,2027
C27774,Sample Student 4553,student4553@example.com,Computer Engineering,2027
C27775,Sample Student 4554,student4554@example.com,Information Technology,2027
C27776,Sample Student 4555,student4555@example.com,Computer Engineering,2027
C27777,Sample Student 4556,student4556@example.com,Information Technology,2027
C27778,Sample Student 4557,student4557@example.com,Computer Engineering,2027
C27779,Sample Student 4558,student4558@example.com,Information Technology,2027
C27780,Sample Student 4559,student4559@example.com,Computer Engineering,2027
C27781,Sample Student 4560,student4560@example.com,Information Technology,2027
C27782,Sample Student 4561,student4561@example.com,Computer Engineering,2027
C27783,Sample Student 4562,student4562@example.com,Information Technology,2027
C27784,Sample Student 4563,student4563@example.com,Computer Engineering,2027
C27785,Sample Student 4564,student4564@example.com,Information Technology,2027
C27786,Sample Student 4565,student4565@example.com,Computer Engineering,2027
C27787,Sample Student 4566,student4566@example.com,Information Technology,2027
C27788,Sample Student 4567,student4567@example.com,Computer Engineering,2027
C27789,Sample Student 4568,student4568@example.com,Information Technology,2027
C27790,Sample Student 4569,student4569@example.com,Computer Engineering,2027
C27791,Sample Student 4570,student4570@example.com,Information Technology,2027
C27792,Sample Student 4571,student4571@example.com,Computer Engineering,2027
C27793,Sample Student 4572,student4572@example.com,Information Technology,2027
C27794,Sample Student 4573,student4573@example.com,Computer Engineering,2027
C27795,Sample Student 4574,student4574@example.com,Information Technology,2027
C27796,Sample Student 4575,student4575@example.com,Computer Engineering,2027
C27797,Sample Student 4576,student4576@example.com,Information Technology,2027
C27798,Sample Student 4577,student4577@example.com,Computer Engineering,2027
C27799,Sample Student 4578,student4578@example.com,Information Technology,2027
C27800,Sample Student 4579,student4579@example.com,Computer Engineering,2027
C27801,Sample Student 4580,student4580@example.com,Information Technology,2027
C27802,Sample Student 4581,student4581@example.com,Computer Engineering,2027
C27803,Sample Student 4582,student4582@example.com,Information Technology,2027
C27804,Sample Student 4583,student4583@example.com,Computer Engineering,2027
C27805,Sample Student 4584,student4584@example.com,Information Technology,2027
C27806,Sample Student 4585,student4585@example.com,Computer Engineering,2027
C27807,Sample Student 4586,student4586@example.com,Information Technology,2027
C27808,Sample Student 4587,student4587@example.com,Computer Engineering,2027
C27809,Sample Student 4588,student4588@example.com,Information Technology,2027
C27810,Sample Student 4589,student4589@example.com,Computer Engineering,2027
C27811,Sample Student 4590,student4590@example.com,Information Technology,2027
C27812,Sample Student 4591,student4591@example.com,Computer Engineering,2027
C27813,Sample Student 4592,student4592@example.com,Information Technology,2027
C27814,Sample Student 4593,student4593@example.com,Computer Engineering,2027
C27815,Sample Student 4594,student4594@example.com,Information Technology,2027
C27816,Sample Student 4595,student4595@example.com,Computer Engineering,2027
C27817,Sample Student 4596,student4596@example.com,Information Technology,2027
C27818,Sample Student 4597,student4597@example.com,Computer Engineering,2027
C27819,Sample Student 4598,student4598@example.com,Information Technology,2027
C27820,Sample Student 4599,student4599@example.com,Computer Engineering,2027
C27821,Sample Student 4600,student4600@example.com,Information Technology,2027
C27822,Sample Student 4601,student4601@example.com,Computer Engineering,2027
C27823,Sample Student 4602,student4602@example.com,Information Technology,2027
C27824,Sample Student 4603,student4603@example.com,Computer Engineering,2027
C27825,Sample Student 4604,student4604@example.com,Information Technology,2027
C27826,Sample Student 4605,student4605@example.com,Computer Engineering,2027
C27827,Sample Student 4606,student4606@example.com,Information Technology,2027
C27828,Sample Student 4607,student4607@example.com,Computer Engineering,2027
C27829,Sample Student 4608,student4608@example.com,Information Technology,2027
C27830,Sample Student 4609,student4609@example.com,Computer Engineering,2027
C27831,Sample Student 4610,student4610@example.com,Information Technology,2027
C27832,Sample Student 4611,student4611@example.com,Computer Engineering,2027
C27833,Sample Student 4612,student4612@example.com,Information Technology,2027
C27834,Sample Student 4613,student4613@example.com,Computer Engineering,2027
C27835,Sample Student 4614,student4614@example.com,Information Technology,2027
C27836,Sample Student 4615,student4615@example.com,Computer Engineering,2027
C27837,Sample Student 4616,student4616@example.com,Information Technology,2027
C27838,Sample Student 4617,student4617@example.com,Computer Engineering,2027
C27839,Sample Student 4618,student4618@example.com,Information Technology,2027
C27840,Sample Student 4619,student4619@example.com,Computer Engineering,2027
C27841,Sample Student 4620,student4620@example.com,Information Technology,2027
C27842,Sample Student 4621,student4621@example.com,Computer Engineering,2027
C27843,Sample Student 4622,student4622@example.com,Information Technology,2027
C27844,Sample Student 4623,student4623@example.com,Computer Engineering,2027
C27845,Sample Student 4624,student4624@example.com,Information Technology,2027
C27846,Sample Student 4625,student4625@example.com,Computer Engineering,2027
C27847,Sample Student 4626,student4626@example.com,Information Technology,2027
C27848,Sample Student 4627,student4627@example.com,Computer Engineering,2027
C27849,Sample Student 4628,student4628@example.com,Information Technology,2027
C27850,Sample Student 4629,student4629@example.com,Computer Engineering,2027
C27851,Sample Student 4630,student4630@example.com,Information Technology,2027
C27852,Sample Student 4631,student4631@example.com,Computer Engineering,2027
C27853,Sample Student 4632,student4632@example.com,Information Technology,2027
C27854,Sample Student 4633,student4633@example.com,Computer Engineering,2027
C27855,Sample Student 4634,student4634@example.com,Information Technology,2027
C27856,Sample Student 4635,student4635@example.com,Computer Engineering,2027
C27857,Sample Student 4636,student4636@example.com,Information Technology,2027
C27858,Sample Student 4637,student4637@example.com,Computer Engineering,2027
C27859,Sample Student 4638,student4638@example.com,Information Technology,2027
C27860,Sample Student 4639,student4639@example.com,Computer Engineering,2027
C27861,Sample Student 4640,student4640@example.com,Information Technology,2027
C27862,Sample Student 4641,student4641@example.com,Computer Engineering,2027
C27863,Sample Student 4642,student4642@example.com,Information Technology,2027
C27864,Sample Student 4643,student4643@example.com,Computer Engineering,2027
C27865,Sample Student 4644,student4644@example.com,Information Technology,2027
C27866,Sample Student 4645,student4645@example.com,Computer Engineering,2027
C27867,Sample Student 4646,student4646@example.com,Information Technology,2027
C27868,Sample Student 4647,student4647@example.com,Computer Engineering,2027
C27869,Sample Student 4648,student4648@example.com,Information Technology,2027
C27870,Sample Student 4649,student4649@example.com,Computer Engineering,2027
C27871,Sample Student 4650,student4650@example.com,Information Technology,2027
C27872,Sample Student 4651,student4651@example.com,Computer Engineering,2027
C27873,Sample Student 4652,student4652@example.com,Information Technology,2027
C27874,Sample Student 4653,student4653@example.com,Computer Engineering,2027
C27875,Sample Student 4654,student4654@example.com,Information Technology,2027
C27876,Sample Student 4655,student4655@example.com,Computer Engineering,2027
C27877,Sample Student 4656,student4656@example.com,Information Technology,2027
C27878,Sample Student 4657,student4657@example.com,Computer Engineering,2027
C27879,Sample Student 4658,student4658@example.com,Information Technology,2027
C27880,Sample Student 4659,student4659@example.com,Computer Engineering,2027
C27881,Sample Student 4660,student4660@example.com,Information Technology,2027
C27882,Sample Student 4661,student4661@example.com,Computer Engineering,2027
C27883,Sample Student 4662,student4662@example.com,Information Technology,2027
C27884,Sample Student 4663,student4663@example.com,Computer Engineering,2027
C27885,Sample Student 4664,student4664@example.com,Information Technology,2027
C27886,Sample Student 4665,student4665@example.com,Computer Engineering,2027
C27887,Sample Student 4666,student4666@example.com,Information Technology,2027
C27888,Sample Student 4667,student4667@example.com,Computer Engineering,2027
C27889,Sample Student 4668,student4668@example.com,Information Technology,2027
C27890,Sample Student 4669,student4669@example.com,Computer Engineering,2027
C27891,Sample Student 4670,student4670@example.com,Information Technology,2027
C27892,Sample Student 4671,student4671@example.com,Computer Engineering,2027
C27893,Sample Student 4672,student4672@example.com,Information Technology,2027
C27894,Sample Student 4673,student4673@example.com,Computer Engineering,2027
C27895,Sample Student 4674,student4674@example.com,Information Technology,2027
C27896,Sample Student 4675,student4675@example.com,Computer Engineering,2027
C27897,Sample Student 4676,student4676@example.com,Information Technology,2027
C27898,Sample Student 4677,student4677@example.com,Computer Engineering,2027
C27899,Sample Student 4678,student4678@example.com,Information Technology,2027
C27900,Sample Student 4679,student4679@example.com,Computer Engineering,2027
C27901,Sample Student 4680,student4680@example.com,Information Technology,2027
C27902,Sample Student 4681,student4681@example.com,Computer Engineering,2027
C27903,Sample Student 4682,student4682@example.com,Information Technology,2027
C27904,Sample Student 4683,student4683@example.com,Computer Engineering,2027
C27905,Sample Student 4684,student4684@example.com,Information Technology,2027
C27906,Sample Student 4685,student4685@example.com,Computer Engineering,2027
C27907,Sample Student 4686,student4686@example.com,Information Technology,2027
C27908,Sample Student 4687,student4687@example.com,Computer Engineering,2027
C27909,Sample Student 4688,student4688@example.com,Information Technology,2027
C27910,Sample Student 4689,student4689@example.com,Computer Engineering,2027
C27911,Sample Student 4690,student4690@example.com,Information Technology,2027
C27912,Sample Student 4691,student4691@example.com,Computer Engineering,2027
C27913,Sample Student 4692,student4692@example.com,Information Technology,2027
C27914,Sample Student 4693,student4693@example.com,Computer Engineering,2027
C27915,Sample Student 4694,student4694@example.com,Information Technology,2027
C27916,Sample Student 4695,student4695@example.com,Computer Engineering,2027
C27917,Sample Student 4696,student4696@example.com,Information Technology,2027
C27918,Sample Student 4697,student4697@example.com,Computer Engineering,2027
C27919,Sample Student 4698,student4698@example.com,Information Technology,2027
C27920,Sample Student 4699,student4699@example.com,Computer Engineering,2027
C27921,Sample Student 4700,student4700@example.com,Information Technology,2027
C27922,Sample Student 4701,student4701@example.com,Computer Engineering,2027
C27923,Sample Student 4702,student4702@example.com,Information Technology,2027
C27924,Sample Student 4703,student4703@example.com,Computer Engineering,2027
C27925,Sample Student 4704,student4704@example.com,Information Technology,2027
C27926,Sample Student 4705,student4705@example.com,Computer Engineering,2027
C27927,Sample Student 4706,student4706@example.com,Information Technology,2027
C27928,Sample Student 4707,student4707@example.com,Computer Engineering,2027
C27929,Sample Student 4708,student4708@example.com,Information Technology,2027
C27930,Sample Student 4709,student4709@example.com,Computer Engineering,2027
C27931,Sample Student 4710,student4710@example.com,Information Technology,2027
C27932,Sample Student 4711,student4711@example.com,Computer Engineering,2027
C27933,Sample Student 4712,student4712@example.com,Information Technology,2027
C27934,Sample Student 4713,student4713@example.com,Computer Engineering,2027
C27935,Sample Student 4714,student4714@example.com,Information Technology,2027
C27936,Sample Student 4715,student4715@example.com,Computer Engineering,2027
C27937,Sample Student 4716,student4716@example.com,Information Technology,2027
C27938,Sample Student 4717,student4717@example.com,Computer Engineering,2027
C27939,Sample Student 4718,student4718@example.com,Information Technology,2027
C27940,Sample Student 4719,student4719@example.com,Computer Engineering,2027
C27941,Sample Student 4720,student4720@example.com,Information Technology,2027
C27942,Sample Student 4721,student4721@example.com,Computer Engineering,2027
C27943,Sample Student 4722,student4722@example.com,Information Technology,2027
C27944,Sample Student 4723,student4723@example.com,Computer Engineering,2027
C27945,Sample Student 4724,student4724@example.com,Information Technology,2027
C27946,Sample Student 4725,student4725@example.com,Computer Engineering,2027
C27947,Sample Student 4726,student4726@example.com,Information Technology,2027
C27948,Sample Student 4727,student4727@example.com,Computer Engineering,2027
C27949,Sample Student 4728,student4728@example.com,Information Technology,2027
C27950,Sample Student 4729,student4729@example.com,Computer Engineering,2027
C27951,Sample Student 4730,student4730@example.com,Information Technology,2027
C27952,Sample Student 4731,student4731@example.com,Computer Engineering,2027
C27953,Sample Student 4732,student4732@example.com,Information Technology,2027
C27954,Sample Student 4733,student4733@example.com,Computer Engineering,2027
C27955,Sample Student 4734,student4734@example.com,Information Technology,2027
C27956,Sample Student 4735,student4735@example.com,Computer Engineering,2027
C27957,Sample Student 4736,student4736@example.com,Information Technology,2027
C27958,Sample Student 4737,student4737@example.com,Computer Engineering,2027
C27959,Sample Student 4738,student4738@example.com,Information Technology,2027
C27960,Sample Student 4739,student4739@example.com,Computer Engineering,2027
C27961,Sample Student 4740,student4740@example.com,Information Technology,2027
C27962,Sample Student 4741,student4741@example.com,Computer Engineering,2027
C27963,Sample Student 4742,student4742@example.com,Information Technology,2027
C27964,Sample Student 4743,student4743@example.com,Computer Engineering,2027
C27965,Sample Student 4744,student4744@example.com,Information Technology,2027
C27966,Sample Student 4745,student4745@example.com,Computer Engineering,2027
C27967,Sample Student 4746,student4746@example.com,Information Technology,2027
C27968,Sample Student 4747,student4747@example.com,Computer Engineering,2027
C27969,Sample Student 4748,student4748@example.com,Information Technology,2027
C27970,Sample Student 4749,student4749@example.com,Computer Engineering,2027
C27971,Sample Student 4750,student4750@example.com,Information Technology,2027
C27972,Sample Student 4751,student4751@example.com,Computer Engineering,2027
C27973,Sample Student 4752,student4752@example.com,Information Technology,2027
C27974,Sample Student 4753,student4753@example.com,Computer Engineering,2027
C27975,Sample Student 4754,student4754@example.com,Information Technology,2027
C27976,Sample Student 4755,student4755@example.com,Computer Engineering,2027
C27977,Sample Student 4756,student4756@example.com,Information Technology,2027
C27978,Sample Student 4757,student4757@example.com,Computer Engineering,2027
C27979,Sample Student 4758,student4758@example.com,Information Technology,2027
C27980,Sample Student 4759,student4759@example.com,Computer Engineering,2027
C27981,Sample Student 4760,student4760@example.com,Information Technology,2027
C27982,Sample Student 4761,student4761@example.com,Computer Engineering,2027
C27983,Sample Student 4762,student4762@example.com,Information Technology,2027
C27984,Sample Student 4763,student4763@example.com,Computer Engineering,2027
C27985,Sample Student 4764,student4764@example.com,Information Technology,2027
C27986,Sample Student 4765,student4765@example.com,Computer Engineering,2027
C27987,Sample Student 4766,student4766@example.com,Information Technology,2027
C27988,Sample Student 4767,student4767@example.com,Computer Engineering,2027
C27989,Sample Student 4768,student4768@example.com,Information Technology,2027
C27990,Sample Student 4769,student4769@example.com,Computer Engineering,2027
C27991,Sample Student 4770,student4770@example.com,Information Technology,2027
C27992,Sample Student 4771,student4771@example.com,Computer Engineering,2027
C27993,Sample Student 4772,student4772@example.com,Information Technology,2027
C27994,Sample Student 4773,student4773@example.com,Computer Engineering,2027
C27995,Sample Student 4774,student4774@example.com,Information Technology,2027
C27996,Sample Student 4775,student4775@example.com,Computer Engineering,2027
C27997,Sample Student 4776,student4776@example.com,Information Technology,2027
C27998,Sample Student 4777,student4777@example.com,Computer Engineering,2027
C27999,Sample Student 4778,student4778@example.com,Information Technology,2027
C28000,Sample Student 4779,student4779@example.com,Computer Engineering,2027
C28001,Sample Student 4780,student4780@example.com,Information Technology,2027
C28002,Sample Student 4781,student4781@example.com,Computer Engineering,2027
C28003,Sample Student 4782,student4782@example.com,Information Technology,2027
C28004,Sample Student 4783,student4783@example.com,Computer Engineering,2027
C28005,Sample Student 4784,student4784@example.com,Information Technology,2027
C28006,Sample Student 4785,student4785@example.com,Computer Engineering,2027
C28007,Sample Student 4786,student4786@example.com,Information Technology,2027
C28008,Sample Student 4787,student4787@example.com,Computer Engineering,2027
C28009,Sample Student 4788,student4788@example.com,Information Technology,2027
C28010,Sample Student 4789,student4789@example.com,Computer Engineering,2027
C28011,Sample Student 4790,student4790@example.com,Information Technology,2027
C28012,Sample Student 4791,student4791@example.com,Computer Engineering,2027
C28013,Sample Student 4792,student4792@example.com,Information Technology,2027
C28014,Sample Student 4793,student4793@example.com,Computer Engineering,2027
C28015,Sample Student 4794,student4794@example.com,Information Technology,2027
C28016,Sample Student 4795,student4795@example.com,Computer Engineering,2027
C28017,Sample Student 4796,student4796@example.com,Information Technology,2027
C28018,Sample Student 4797,student4797@example.com,Computer Engineering,2027
C28019,Sample Student 4798,student4798@example.com,Information Technology,2027
C28020,Sample Student 4799,student4799@example.com,Computer Engineering,2027
C28021,Sample Student 4800,student4800@example.com,Information Technology,2027
C28022,Sample Student 4801,student4801@example.com,Computer Engineering,2027
C28023,Sample Student 4802,student4802@example.com,Information Technology,2027
C28024,Sample Student 4803,student4803@example.com,Computer Engineering,2027
C28025,Sample Student 4804,student4804@example.com,Information Technology,2027
C28026,Sample Student 4805,student4805@example.com,Computer Engineering,2027
C28027,Sample Student 4806,student4806@example.com,Information Technology,2027
C28028,Sample Student 4807,student4807@example.com,Computer Engineering,2027
C28029,Sample Student 4808,student4808@example.com,Information Technology,2027
C28030,Sample Student 4809,student4809@example.com,Computer Engineering,2027
C28031,Sample Student 4810,student4810@example.com,Information Technology,2027
C28032,Sample Student 4811,student4811@example.com,Computer Engineering,2027
C28033,Sample Student 4812,student4812@example.com,Information Technology,2027
C28034,Sample Student 4813,student4813@example.com,Computer Engineering,2027
C28035,Sample Student 4814,student4814@example.com,Information Technology,2027
C28036,Sample Student 4815,student4815@example.com,Computer Engineering,2027
C28037,Sample Student 4816,student4816@example.com,Information Technology,2027
C28038,Sample Student 4817,student4817@example.com,Computer Engineering,2027
C28039,Sample Student 4818,student4818@example.com,Information Technology,2027
C28040,Sample Student 4819,student4819@example.com,Computer Engineering,2027
C28041,Sample Student 4820,student4820@example.com,Information Technology,2027
C28042,Sample Student 4821,student4821@example.com,Computer Engineering,2027
C28043,Sample Student 4822,student4822@example.com,Information Technology,2027
C28044,Sample Student 4823,student4823@example.com,Computer Engineering,2027
C28045,Sample Student 4824,student4824@example.com,Information Technology,2027
C28046,Sample Student 4825,student4825@example.com,Computer Engineering,2027
C28047,Sample Student 4826,student4826@example.com,Information Technology,2027
C28048,Sample Student 4827,student4827@example.com,Computer Engineering,2027
C28049,Sample Student 4828,student4828@example.com,Information Technology,2027
C28050,Sample Student 4829,student4829@example.com,Computer Engineering,2027
C28051,Sample Student 4830,student4830@example.com,Information Technology,2027
C28052,Sample Student 4831,student4831@example.com,Computer Engineering,2027
C28053,Sample Student 4832,student4832@example.com,Information Technology,2027
C28054,Sample Student 4833,student4833@example.com,Computer Engineering,2027
C28055,Sample Student 4834,student4834@example.com,Information Technology,2027
C28056,Sample Student 4835,student4835@example.com,Computer Engineering,2027
C28057,Sample Student 4836,student4836@example.com,Information Technology,2027
C28058,Sample Student 4837,student4837@example.com,Computer Engineering,2027
C28059,Sample Student 4838,student4838@example.com,Information Technology,2027
C28060,Sample Student 4839,student4839@example.com,Computer Engineering,2027
C28061,Sample Student 4840,student4840@example.com,Information Technology,2027
C28062,Sample Student 4841,student4841@example.com,Computer Engineering,2027
C28063,Sample Student 4842,student4842@example.com,Information Technology,2027
C28064,Sample Student 4843,student4843@example.com,Computer Engineering,2027
C28065,Sample Student 4844,student4844@example.com,Information Technology,2027
C28066,Sample Student 4845,student4845@example.com,Computer Engineering,2027
C28067,Sample Student 4846,student4846@example.com,Information Technology,2027
C28068,Sample Student 4847,student4847@example.com,Computer Engineering,2027
C28069,Sample Student 4848,student4848@example.com,Information Technology,2027
C28070,Sample Student 4849,student4849@example.com,Computer Engineering,2027
C28071,Sample Student 4850,student4850@example.com,Information Technology,2027
C28072,Sample Student 4851,student4851@example.com,Computer Engineering,2027
C28073,Sample Student 4852,student4852@example.com,Information Technology,2027
C28074,Sample Student 4853,student4853@example.com,Computer Engineering,2027
C28075,Sample Student 4854,student4854@example.com,Information Technology,2027
C28076,Sample Student 4855,student4855@example.com,Computer Engineering,2027
C28077,Sample Student 4856,student4856@example.com,Information Technology,2027
C28078,Sample Student 4857,student4857@example.com,Computer Engineering,2027
C28079,Sample Student 4858,student4858@example.com,Information Technology,2027
C28080,Sample Student 4859,student4859@example.com,Computer Engineering,2027
C28081,Sample Student 4860,student4860@example.com,Information Technology,2027
C28082,Sample Student 4861,student4861@example.com,Computer Engineering,2027
C28083,Sample Student 4862,student4862@example.com,Information Technology,2027
C28084,Sample Student 4863,student4863@example.com,Computer Engineering,2027
C28085,Sample Student 4864,student4864@example.com,Information Technology,2027
C28086,Sample Student 4865,student4865@example.com,Computer Engineering,2027
C28087,Sample Student 4866,student4866@example.com,Information Technology,2027
C28088,Sample Student 4867,student4867@example.com,Computer Engineering,2027
C28089,Sample Student 4868,student4868@example.com,Information Technology,2027
C28090,Sample Student 4869,student4869@example.com,Computer Engineering,2027
C28091,Sample Student 4870,student4870@example.com,Information Technology,2027
C28092,Sample Student 4871,student4871@example.com,Computer Engineering,2027
C28093,Sample Student 4872,student4872@example.com,Information Technology,2027
C28094,Sample Student 4873,student4873@example.com,Computer Engineering,2027
C28095,Sample Student 4874,student4874@example.com,Information Technology,2027
C28096,Sample Student 4875,student4875@example.com,Computer Engineering,2027
C28097,Sample Student 4876,student4876@example.com,Information Technology,2027
C28098,Sample Student 4877,student4877@example.com,Computer Engineering,2027
C28099,Sample Student 4878,student4878@example.com,Information Technology,2027
C28100,Sample Student 4879,student4879@example.com,Computer Engineering,2027
C28101,Sample Student 4880,student4880@example.com,Information Technology,2027
C28102,Sample Student 4881,student4881@example.com,Computer Engineering,2027
C28103,Sample Student 4882,student4882@example.com,Information Technology,2027
C28104,Sample Student 4883,student4883@example.com,Computer Engineering,2027
C28105,Sample Student 4884,student4884@example.com,Information Technology,2027
C28106,Sample Student 4885,student4885@example.com,Computer Engineering,2027
C28107,Sample Student 4886,student4886@example.com,Information Technology,2027
C28108,Sample Student 4887,student4887@example.com,Computer Engineering,2027
C28109,Sample Student 4888,student4888@example.com,Information Technology,2027
C28110,Sample Student 4889,student4889@example.com,Computer Engineering,2027
C28111,Sample Student 4890,student4890@example.com,Information Technology,2027
C28112,Sample Student 4891,student4891@example.com,Computer Engineering,2027
C28113,Sample Student 4892,student4892@example.com,Information Technology,2027
C28114,Sample Student 4893,student4893@example.com,Computer Engineering,2027
C28115,Sample Student 4894,student4894@example.com,Information Technology,2027
C28116,Sample Student 4895,student4895@example.com,Computer Engineering,2027
C28117,Sample Student 4896,student4896@example.com,Information Technology,2027
C28118,Sample Student 4897,student4897@example.com,Computer Engineering,2027
C28119,Sample Student 4898,student4898@example.com,Information Technology,2027
C28120,Sample Student 4899,student4899@example.com,Computer Engineering,2027
C28121,Sample Student 4900,student4900@example.com,Information Technology,2027
C28122,Sample Student 4901,student4901@example.com,Computer Engineering,2027
C28123,Sample Student 4902,student4902@example.com,Information Technology,2027
C28124,Sample Student 4903,student4903@example.com,Computer Engineering,2027
C28125,Sample Student 4904,student4904@example.com,Information Technology,2027
C28126,Sample Student 4905,student4905@example.com,Computer Engineering,2027
C28127,Sample Student 4906,student4906@example.com,Information Technology,2027
C28128,Sample Student 4907,student4907@example.com,Computer Engineering,2027
C28129,Sample Student 4908,student4908@example.com,Information Technology,2027
C28130,Sample Student 4909,student4909@example.com,Computer Engineering,2027
C28131,Sample Student 4910,student4910@example.com,Information Technology,2027
C28132,Sample Student 4911,student4911@example.com,Computer Engineering,2027
C28133,Sample Student 4912,student4912@example.com,Information Technology,2027
C28134,Sample Student 4913,student4913@example.com,Computer Engineering,2027
C28135,Sample Student 4914,student4914@example.com,Information Technology,2027
C28136,Sample Student 4915,student4915@example.com,Computer Engineering,2027
C28137,Sample Student 4916,student4916@example.com,Information Technology,2027
C28138,Sample Student 4917,student4917@example.com,Computer Engineering,2027
C28139,Sample Student 4918,student4918@example.com,Information Technology,2027
C28140,Sample Student 4919,student4919@example.com,Computer Engineering,2027
C28141,Sample Student 4920,student4920@example.com,Information Technology,2027
C28142,Sample Student 4921,student4921@example.com,Computer Engineering,2027
C28143,Sample Student 4922,student4922@example.com,Information Technology,2027
C28144,Sample Student 4923,student4923@example.com,Computer Engineering,2027
C28145,Sample Student 4924,student4924@example.com,Information Technology,2027
C28146,Sample Student 4925,student4925@example.com,Computer Engineering,2027
C28147,Sample Student 4926,student4926@example.com,Information Technology,2027
C28148,Sample Student 4927,student4927@example.com,Computer Engineering,2027
C28149,Sample Student 4928,student4928@example.com,Information Technology,2027
C28150,Sample Student 4929,student4929@example.com,Computer Engineering,2027
C28151,Sample Student 4930,student4930@example.com,Information Technology,2027
C28152,Sample Student 4931,student4931@example.com,Computer Engineering,2027
C28153,Sample Student 4932,student4932@example.com,Information Technology,2027
C28154,Sample Student 4933,student4933@example.com,Computer Engineering,2027
C28155,Sample Student 4934,student4934@example.com,Information Technology,2027
C28156,Sample Student 4935,student4935@example.com,Computer Engineering,2027
C28157,Sample Student 4936,student4936@example.com,Information Technology,2027
C28158,Sample Student 4937,student4937@example.com,Computer Engineering,2027
C28159,Sample Student 4938,student4938@example.com,Information Technology,2027
C28160,Sample Student 4939,student4939@example.com,Computer Engineering,2027
C28161,Sample Student 4940,student4940@example.com,Information Technology,2027
C28162,Sample Student 4941,student4941@example.com,Computer Engineering,2027
C28163,Sample Student 4942,student4942@example.com,Information Technology,2027
C28164,Sample Student 4943,student4943@example.com,Computer Engineering,2027
C28165,Sample Student 4944,student4944@example.com,Information Technology,2027
C28166,Sample Student 4945,student4945@example.com,Computer Engineering,2027
C28167,Sample Student 4946,student4946@example.com,Information Technology,2027
C28168,Sample Student 4947,student4947@example.com,Computer Engineering,2027
C28169,Sample Student 4948,student4948@example.com,Information Technology,2027
C28170,Sample Student 4949,student4949@example.com,Computer Engineering,2027
C28171,Sample Student 4950,student4950@example.com,Information Technology,2027
C28172,Sample Student 4951,student4951@example.com,Computer Engineering,2027
C28173,Sample Student 4952,student4952@example.com,Information Technology,2027
C28174,Sample Student 4953,student4953@example.com,Computer Engineering,2027
C28175,Sample Student 4954,student4954@example.com,Information Technology,2027
C28176,Sample Student 4955,student4955@example.com,Computer Engineering,2027
C28177,Sample Student 4956,student4956@example.com,Information Technology,2027
C28178,Sample Student 4957,student4957@example.com,Computer Engineering,2027
C28179,Sample Student 4958,student4958@example.com,Information Technology,2027
C28180,Sample Student 4959,student4959@example.com,Computer Engineering,2027
C28181,Sample Student 4960,student4960@example.com,Information Technology,2027
C28182,Sample Student 4961,student4961@example.com,Computer Engineering,2027
C28183,Sample Student 4962,student4962@example.com,Information Technology,2027
C28184,Sample Student 4963,student4963@example.com,Computer Engineering,2027
C28185,Sample Student 4964,student4964@example.com,Information Technology,2027
C28186,Sample Student 4965,student4965@example.com,Computer Engineering,2027
C28187,Sample Student 4966,student4966@example.com,Information Technology,2027
C28188,Sample Student 4967,student4967@example.com,Computer Engineering,2027
C28189,Sample Student 4968,student4968@example.com,Information Technology,2027
C28190,Sample Student 4969,student4969@example.com,Computer Engineering,2027
C28191,Sample Student 4970,student4970@example.com,Information Technology,2027
C28192,Sample Student 4971,student4971@example.com,Computer Engineering,2027
C28193,Sample Student 4972,student4972@example.com,Information Technology,2027
C28194,Sample Student 4973,student4973@example.com,Computer Engineering,2027
C28195,Sample Student 4974,student4974@example.com,Information Technology,2027
C28196,Sample Student 4975,student4975@example.com,Computer Engineering,2027
C28197,Sample Student 4976,student4976@example.com,Information Technology,2027
C28198,Sample Student 4977,student4977@example.com,Computer Engineering,2027
C28199,Sample Student 4978,student4978@example.com,Information Technology,2027
C28200,Sample Student 4979,student4979@example.com,Computer Engineering,2027
C28201,Sample Student 4980,student4980@example.com,Information Technology,2027
C28202,Sample Student 4981,student4981@example.com,Computer Engineering,2027
C28203,Sample Student 4982,student4982@example.com,Information Technology,2027
C28204,Sample Student 4983,student4983@example.com,Computer Engineering,2027
C28205,Sample Student 4984,student4984@example.com,Information Technology,2027
C28206,Sample Student 4985,student4985@example.com,Computer Engineering,2027
C28207,Sample Student 4986,student4986@example.com,Information Technology,2027
C28208,Sample Student 4987,student4987@example.com,Computer Engineering,2027
C28209,Sample Student 4988,student4988@example.com,Information Technology,2027
C28210,Sample Student 4989,student4989@example.com,Computer Engineering,2027
C28211,Sample Student 4990,student4990@example.com,Information Technology,2027
C28212,Sample Student 4991,student4991@example.com,Computer Engineering,2027
C28213,Sample Student 4992,student4992@example.com,Information Technology,2027
C28214,Sample Student 4993,student4993@example.com,Computer Engineering,2027
C28215,Sample Student 4994,student4994@example.com,Information Technology,2027
C28216,Sample Student 4995,student4995@example.com,Computer Engineering,2027
C28217,Sample Student 4996,student4996@example.com,Information Technology,2027
C28218,Sample Student 4997,student4997@example.com,Computer Engineering,2027
C28219,Sample Student 4998,student4998@example.com,Information Technology,2027
C28220,Sample Student 4999,student4999@example.com,Computer Engineering,2027
C28221,Sample Student 5000,student5000@example.com,Information Technology,2027
